Dataset,PublishTime,StartTime,SettlementDate,SettlementPeriod,FuelType,Generation
FUELHH,2022-11-10T08:00:00Z,2022-11-10T07:30:00Z,2022-11-10,16,BIOMASS,2234
FUELHH,2022-11-10T08:00:00Z,2022-11-10T07:30:00Z,2022-11-10,16,CCGT,10374
FUELHH,2022-11-10T08:00:00Z,2022-11-10T07:30:00Z,2022-11-10,16,COAL,0
FUELHH,2022-11-10T08:00:00Z,2022-11-10T07:30:00Z,2022-11-10,16,INTELEC,-1024
FUELHH,2022-11-10T08:00:00Z,2022-11-10T07:30:00Z,2022-11-10,16,INTEW,462
FUELHH,2022-11-10T08:00:00Z,2022-11-10T07:30:00Z,2022-11-10,16,INTFR,-1028
FUELHH,2022-11-10T08:00:00Z,2022-11-10T07:30:00Z,2022-11-10,16,INTIFA2,-1028
FUELHH,2022-11-10T08:00:00Z,2022-11-10T07:30:00Z,2022-11-10,16,INTIRL,400
FUELHH,2022-11-10T08:00:00Z,2022-11-10T07:30:00Z,2022-11-10,16,INTNED,-1012
FUELHH,2022-11-10T08:00:00Z,2022-11-10T07:30:00Z,2022-11-10,16,INTNEM,-990
FUELHH,2022-11-10T08:00:00Z,2022-11-10T07:30:00Z,2022-11-10,16,INTNSL,1096
FUELHH,2022-11-10T08:00:00Z,2022-11-10T07:30:00Z,2022-11-10,16,NPSHYD,582
FUELHH,2022-11-10T08:00:00Z,2022-11-10T07:30:00Z,2022-11-10,16,NUCLEAR,4635
FUELHH,2022-11-10T08:00:00Z,2022-11-10T07:30:00Z,2022-11-10,16,OCGT,0
FUELHH,2022-11-10T08:00:00Z,2022-11-10T07:30:00Z,2022-11-10,16,OIL,0
FUELHH,2022-11-10T08:00:00Z,2022-11-10T07:30:00Z,2022-11-10,16,OTHER,203
FUELHH,2022-11-10T08:00:00Z,2022-11-10T07:30:00Z,2022-11-10,16,PS,24
FUELHH,2022-11-10T08:00:00Z,2022-11-10T07:30:00Z,2022-11-10,16,WIND,13704
FUELHH,2022-11-10T07:30:00Z,2022-11-10T07:00:00Z,2022-11-10,15,BIOMASS,2241
FUELHH,2022-11-10T07:30:00Z,2022-11-10T07:00:00Z,2022-11-10,15,CCGT,8934
FUELHH,2022-11-10T07:30:00Z,2022-11-10T07:00:00Z,2022-11-10,15,COAL,0
FUELHH,2022-11-10T07:30:00Z,2022-11-10T07:00:00Z,2022-11-10,15,INTELEC,-1022
FUELHH,2022-11-10T07:30:00Z,2022-11-10T07:00:00Z,2022-11-10,15,INTEW,504
FUELHH,2022-11-10T07:30:00Z,2022-11-10T07:00:00Z,2022-11-10,15,INTFR,-1030
FUELHH,2022-11-10T07:30:00Z,2022-11-10T07:00:00Z,2022-11-10,15,INTIFA2,-1028
FUELHH,2022-11-10T07:30:00Z,2022-11-10T07:00:00Z,2022-11-10,15,INTIRL,400
FUELHH,2022-11-10T07:30:00Z,2022-11-10T07:00:00Z,2022-11-10,15,INTNED,-1012
FUELHH,2022-11-10T07:30:00Z,2022-11-10T07:00:00Z,2022-11-10,15,INTNEM,-990
FUELHH,2022-11-10T07:30:00Z,2022-11-10T07:00:00Z,2022-11-10,15,INTNSL,1096
FUELHH,2022-11-10T07:30:00Z,2022-11-10T07:00:00Z,2022-11-10,15,NPSHYD,546
FUELHH,2022-11-10T07:30:00Z,2022-11-10T07:00:00Z,2022-11-10,15,NUCLEAR,4631
FUELHH,2022-11-10T07:30:00Z,2022-11-10T07:00:00Z,2022-11-10,15,OCGT,0
FUELHH,2022-11-10T07:30:00Z,2022-11-10T07:00:00Z,2022-11-10,15,OIL,0
FUELHH,2022-11-10T07:30:00Z,2022-11-10T07:00:00Z,2022-11-10,15,OTHER,129
FUELHH,2022-11-10T07:30:00Z,2022-11-10T07:00:00Z,2022-11-10,15,PS,-94
FUELHH,2022-11-10T07:30:00Z,2022-11-10T07:00:00Z,2022-11-10,15,WIND,13650
FUELHH,2022-11-10T07:00:00Z,2022-11-10T06:30:00Z,2022-11-10,14,BIOMASS,2240
FUELHH,2022-11-10T07:00:00Z,2022-11-10T06:30:00Z,2022-11-10,14,CCGT,6810
FUELHH,2022-11-10T07:00:00Z,2022-11-10T06:30:00Z,2022-11-10,14,COAL,0
FUELHH,2022-11-10T07:00:00Z,2022-11-10T06:30:00Z,2022-11-10,14,INTELEC,-1024
FUELHH,2022-11-10T07:00:00Z,2022-11-10T06:30:00Z,2022-11-10,14,INTEW,504
FUELHH,2022-11-10T07:00:00Z,2022-11-10T06:30:00Z,2022-11-10,14,INTFR,-1030
FUELHH,2022-11-10T07:00:00Z,2022-11-10T06:30:00Z,2022-11-10,14,INTIFA2,-1028
FUELHH,2022-11-10T07:00:00Z,2022-11-10T06:30:00Z,2022-11-10,14,INTIRL,400
FUELHH,2022-11-10T07:00:00Z,2022-11-10T06:30:00Z,2022-11-10,14,INTNED,-1014
FUELHH,2022-11-10T07:00:00Z,2022-11-10T06:30:00Z,2022-11-10,14,INTNEM,-1022
FUELHH,2022-11-10T07:00:00Z,2022-11-10T06:30:00Z,2022-11-10,14,INTNSL,1096
FUELHH,2022-11-10T07:00:00Z,2022-11-10T06:30:00Z,2022-11-10,14,NPSHYD,495
FUELHH,2022-11-10T07:00:00Z,2022-11-10T06:30:00Z,2022-11-10,14,NUCLEAR,4627
FUELHH,2022-11-10T07:00:00Z,2022-11-10T06:30:00Z,2022-11-10,14,OCGT,0
FUELHH,2022-11-10T07:00:00Z,2022-11-10T06:30:00Z,2022-11-10,14,OIL,0
FUELHH,2022-11-10T07:00:00Z,2022-11-10T06:30:00Z,2022-11-10,14,OTHER,167
FUELHH,2022-11-10T07:00:00Z,2022-11-10T06:30:00Z,2022-11-10,14,PS,-412
FUELHH,2022-11-10T07:00:00Z,2022-11-10T06:30:00Z,2022-11-10,14,WIND,13641
FUELHH,2022-11-10T06:30:00Z,2022-11-10T06:00:00Z,2022-11-10,13,BIOMASS,2042
FUELHH,2022-11-10T06:30:00Z,2022-11-10T06:00:00Z,2022-11-10,13,CCGT,5354
FUELHH,2022-11-10T06:30:00Z,2022-11-10T06:00:00Z,2022-11-10,13,COAL,0
FUELHH,2022-11-10T06:30:00Z,2022-11-10T06:00:00Z,2022-11-10,13,INTELEC,-1024
FUELHH,2022-11-10T06:30:00Z,2022-11-10T06:00:00Z,2022-11-10,13,INTEW,504
FUELHH,2022-11-10T06:30:00Z,2022-11-10T06:00:00Z,2022-11-10,13,INTFR,-1030
FUELHH,2022-11-10T06:30:00Z,2022-11-10T06:00:00Z,2022-11-10,13,INTIFA2,-1028
FUELHH,2022-11-10T06:30:00Z,2022-11-10T06:00:00Z,2022-11-10,13,INTIRL,400
FUELHH,2022-11-10T06:30:00Z,2022-11-10T06:00:00Z,2022-11-10,13,INTNED,-1014
FUELHH,2022-11-10T06:30:00Z,2022-11-10T06:00:00Z,2022-11-10,13,INTNEM,-1020
FUELHH,2022-11-10T06:30:00Z,2022-11-10T06:00:00Z,2022-11-10,13,INTNSL,1058
FUELHH,2022-11-10T06:30:00Z,2022-11-10T06:00:00Z,2022-11-10,13,NPSHYD,472
FUELHH,2022-11-10T06:30:00Z,2022-11-10T06:00:00Z,2022-11-10,13,NUCLEAR,4628
FUELHH,2022-11-10T06:30:00Z,2022-11-10T06:00:00Z,2022-11-10,13,OCGT,0
FUELHH,2022-11-10T06:30:00Z,2022-11-10T06:00:00Z,2022-11-10,13,OIL,0
FUELHH,2022-11-10T06:30:00Z,2022-11-10T06:00:00Z,2022-11-10,13,OTHER,151
FUELHH,2022-11-10T06:30:00Z,2022-11-10T06:00:00Z,2022-11-10,13,PS,-856
FUELHH,2022-11-10T06:30:00Z,2022-11-10T06:00:00Z,2022-11-10,13,WIND,13836
FUELHH,2022-11-10T06:00:00Z,2022-11-10T05:30:00Z,2022-11-10,12,BIOMASS,1566
FUELHH,2022-11-10T06:00:00Z,2022-11-10T05:30:00Z,2022-11-10,12,CCGT,4678
FUELHH,2022-11-10T06:00:00Z,2022-11-10T05:30:00Z,2022-11-10,12,COAL,0
FUELHH,2022-11-10T06:00:00Z,2022-11-10T05:30:00Z,2022-11-10,12,INTELEC,-1024
FUELHH,2022-11-10T06:00:00Z,2022-11-10T05:30:00Z,2022-11-10,12,INTEW,504
FUELHH,2022-11-10T06:00:00Z,2022-11-10T05:30:00Z,2022-11-10,12,INTFR,-1030
FUELHH,2022-11-10T06:00:00Z,2022-11-10T05:30:00Z,2022-11-10,12,INTIFA2,-1028
FUELHH,2022-11-10T06:00:00Z,2022-11-10T05:30:00Z,2022-11-10,12,INTIRL,376
FUELHH,2022-11-10T06:00:00Z,2022-11-10T05:30:00Z,2022-11-10,12,INTNED,-1074
FUELHH,2022-11-10T06:00:00Z,2022-11-10T05:30:00Z,2022-11-10,12,INTNEM,-1020
FUELHH,2022-11-10T06:00:00Z,2022-11-10T05:30:00Z,2022-11-10,12,INTNSL,658
FUELHH,2022-11-10T06:00:00Z,2022-11-10T05:30:00Z,2022-11-10,12,NPSHYD,448
FUELHH,2022-11-10T06:00:00Z,2022-11-10T05:30:00Z,2022-11-10,12,NUCLEAR,4634
FUELHH,2022-11-10T06:00:00Z,2022-11-10T05:30:00Z,2022-11-10,12,OCGT,0
FUELHH,2022-11-10T06:00:00Z,2022-11-10T05:30:00Z,2022-11-10,12,OIL,0
FUELHH,2022-11-10T06:00:00Z,2022-11-10T05:30:00Z,2022-11-10,12,OTHER,104
FUELHH,2022-11-10T06:00:00Z,2022-11-10T05:30:00Z,2022-11-10,12,PS,-1400
FUELHH,2022-11-10T06:00:00Z,2022-11-10T05:30:00Z,2022-11-10,12,WIND,13419
FUELHH,2022-11-10T05:30:00Z,2022-11-10T05:00:00Z,2022-11-10,11,BIOMASS,1471
FUELHH,2022-11-10T05:30:00Z,2022-11-10T05:00:00Z,2022-11-10,11,CCGT,4213
FUELHH,2022-11-10T05:30:00Z,2022-11-10T05:00:00Z,2022-11-10,11,COAL,0
FUELHH,2022-11-10T05:30:00Z,2022-11-10T05:00:00Z,2022-11-10,11,INTELEC,-1024
FUELHH,2022-11-10T05:30:00Z,2022-11-10T05:00:00Z,2022-11-10,11,INTEW,444
FUELHH,2022-11-10T05:30:00Z,2022-11-10T05:00:00Z,2022-11-10,11,INTFR,-1028
FUELHH,2022-11-10T05:30:00Z,2022-11-10T05:00:00Z,2022-11-10,11,INTIFA2,-1028
FUELHH,2022-11-10T05:30:00Z,2022-11-10T05:00:00Z,2022-11-10,11,INTIRL,248
FUELHH,2022-11-10T05:30:00Z,2022-11-10T05:00:00Z,2022-11-10,11,INTNED,-1072
FUELHH,2022-11-10T05:30:00Z,2022-11-10T05:00:00Z,2022-11-10,11,INTNEM,-1022
FUELHH,2022-11-10T05:30:00Z,2022-11-10T05:00:00Z,2022-11-10,11,INTNSL,610
FUELHH,2022-11-10T05:30:00Z,2022-11-10T05:00:00Z,2022-11-10,11,NPSHYD,443
FUELHH,2022-11-10T05:30:00Z,2022-11-10T05:00:00Z,2022-11-10,11,NUCLEAR,4631
FUELHH,2022-11-10T05:30:00Z,2022-11-10T05:00:00Z,2022-11-10,11,OCGT,0
FUELHH,2022-11-10T05:30:00Z,2022-11-10T05:00:00Z,2022-11-10,11,OIL,0
FUELHH,2022-11-10T05:30:00Z,2022-11-10T05:00:00Z,2022-11-10,11,OTHER,118
FUELHH,2022-11-10T05:30:00Z,2022-11-10T05:00:00Z,2022-11-10,11,PS,-1550
FUELHH,2022-11-10T05:30:00Z,2022-11-10T05:00:00Z,2022-11-10,11,WIND,13313
FUELHH,2022-11-10T05:00:00Z,2022-11-10T04:30:00Z,2022-11-10,10,BIOMASS,1534
FUELHH,2022-11-10T05:00:00Z,2022-11-10T04:30:00Z,2022-11-10,10,CCGT,4164
FUELHH,2022-11-10T05:00:00Z,2022-11-10T04:30:00Z,2022-11-10,10,COAL,0
FUELHH,2022-11-10T05:00:00Z,2022-11-10T04:30:00Z,2022-11-10,10,INTELEC,-1024
FUELHH,2022-11-10T05:00:00Z,2022-11-10T04:30:00Z,2022-11-10,10,INTEW,480
FUELHH,2022-11-10T05:00:00Z,2022-11-10T04:30:00Z,2022-11-10,10,INTFR,-1028
FUELHH,2022-11-10T05:00:00Z,2022-11-10T04:30:00Z,2022-11-10,10,INTIFA2,-1030
FUELHH,2022-11-10T05:00:00Z,2022-11-10T04:30:00Z,2022-11-10,10,INTIRL,86
FUELHH,2022-11-10T05:00:00Z,2022-11-10T04:30:00Z,2022-11-10,10,INTNED,-1074
FUELHH,2022-11-10T05:00:00Z,2022-11-10T04:30:00Z,2022-11-10,10,INTNEM,-1014
FUELHH,2022-11-10T05:00:00Z,2022-11-10T04:30:00Z,2022-11-10,10,INTNSL,210
FUELHH,2022-11-10T05:00:00Z,2022-11-10T04:30:00Z,2022-11-10,10,NPSHYD,437
FUELHH,2022-11-10T05:00:00Z,2022-11-10T04:30:00Z,2022-11-10,10,NUCLEAR,4635
FUELHH,2022-11-10T05:00:00Z,2022-11-10T04:30:00Z,2022-11-10,10,OCGT,0
FUELHH,2022-11-10T05:00:00Z,2022-11-10T04:30:00Z,2022-11-10,10,OIL,0
FUELHH,2022-11-10T05:00:00Z,2022-11-10T04:30:00Z,2022-11-10,10,OTHER,101
FUELHH,2022-11-10T05:00:00Z,2022-11-10T04:30:00Z,2022-11-10,10,PS,-1566
FUELHH,2022-11-10T05:00:00Z,2022-11-10T04:30:00Z,2022-11-10,10,WIND,13149
FUELHH,2022-11-10T04:30:00Z,2022-11-10T04:00:00Z,2022-11-10,9,BIOMASS,1376
FUELHH,2022-11-10T04:30:00Z,2022-11-10T04:00:00Z,2022-11-10,9,CCGT,4166
FUELHH,2022-11-10T04:30:00Z,2022-11-10T04:00:00Z,2022-11-10,9,COAL,0
FUELHH,2022-11-10T04:30:00Z,2022-11-10T04:00:00Z,2022-11-10,9,INTELEC,-1024
FUELHH,2022-11-10T04:30:00Z,2022-11-10T04:00:00Z,2022-11-10,9,INTEW,504
FUELHH,2022-11-10T04:30:00Z,2022-11-10T04:00:00Z,2022-11-10,9,INTFR,-1028
FUELHH,2022-11-10T04:30:00Z,2022-11-10T04:00:00Z,2022-11-10,9,INTIFA2,-1030
FUELHH,2022-11-10T04:30:00Z,2022-11-10T04:00:00Z,2022-11-10,9,INTIRL,64
FUELHH,2022-11-10T04:30:00Z,2022-11-10T04:00:00Z,2022-11-10,9,INTNED,-1074
FUELHH,2022-11-10T04:30:00Z,2022-11-10T04:00:00Z,2022-11-10,9,INTNEM,-1014
FUELHH,2022-11-10T04:30:00Z,2022-11-10T04:00:00Z,2022-11-10,9,INTNSL,200
FUELHH,2022-11-10T04:30:00Z,2022-11-10T04:00:00Z,2022-11-10,9,NPSHYD,444
FUELHH,2022-11-10T04:30:00Z,2022-11-10T04:00:00Z,2022-11-10,9,NUCLEAR,4630
FUELHH,2022-11-10T04:30:00Z,2022-11-10T04:00:00Z,2022-11-10,9,OCGT,0
FUELHH,2022-11-10T04:30:00Z,2022-11-10T04:00:00Z,2022-11-10,9,OIL,0
FUELHH,2022-11-10T04:30:00Z,2022-11-10T04:00:00Z,2022-11-10,9,OTHER,120
FUELHH,2022-11-10T04:30:00Z,2022-11-10T04:00:00Z,2022-11-10,9,PS,-1406
FUELHH,2022-11-10T04:30:00Z,2022-11-10T04:00:00Z,2022-11-10,9,WIND,12935
FUELHH,2022-11-10T04:00:00Z,2022-11-10T03:30:00Z,2022-11-10,8,BIOMASS,1329
FUELHH,2022-11-10T04:00:00Z,2022-11-10T03:30:00Z,2022-11-10,8,CCGT,4172
FUELHH,2022-11-10T04:00:00Z,2022-11-10T03:30:00Z,2022-11-10,8,COAL,0
FUELHH,2022-11-10T04:00:00Z,2022-11-10T03:30:00Z,2022-11-10,8,INTELEC,-1024
FUELHH,2022-11-10T04:00:00Z,2022-11-10T03:30:00Z,2022-11-10,8,INTEW,504
FUELHH,2022-11-10T04:00:00Z,2022-11-10T03:30:00Z,2022-11-10,8,INTFR,-1028
FUELHH,2022-11-10T04:00:00Z,2022-11-10T03:30:00Z,2022-11-10,8,INTIFA2,-1030
FUELHH,2022-11-10T04:00:00Z,2022-11-10T03:30:00Z,2022-11-10,8,INTIRL,80
FUELHH,2022-11-10T04:00:00Z,2022-11-10T03:30:00Z,2022-11-10,8,INTNED,-1074
FUELHH,2022-11-10T04:00:00Z,2022-11-10T03:30:00Z,2022-11-10,8,INTNEM,-994
FUELHH,2022-11-10T04:00:00Z,2022-11-10T03:30:00Z,2022-11-10,8,INTNSL,198
FUELHH,2022-11-10T04:00:00Z,2022-11-10T03:30:00Z,2022-11-10,8,NPSHYD,443
FUELHH,2022-11-10T04:00:00Z,2022-11-10T03:30:00Z,2022-11-10,8,NUCLEAR,4633
FUELHH,2022-11-10T04:00:00Z,2022-11-10T03:30:00Z,2022-11-10,8,OCGT,0
FUELHH,2022-11-10T04:00:00Z,2022-11-10T03:30:00Z,2022-11-10,8,OIL,0
FUELHH,2022-11-10T04:00:00Z,2022-11-10T03:30:00Z,2022-11-10,8,OTHER,122
FUELHH,2022-11-10T04:00:00Z,2022-11-10T03:30:00Z,2022-11-10,8,PS,-1412
FUELHH,2022-11-10T04:00:00Z,2022-11-10T03:30:00Z,2022-11-10,8,WIND,12947
FUELHH,2022-11-10T03:30:00Z,2022-11-10T03:00:00Z,2022-11-10,7,BIOMASS,1309
FUELHH,2022-11-10T03:30:00Z,2022-11-10T03:00:00Z,2022-11-10,7,CCGT,4162
FUELHH,2022-11-10T03:30:00Z,2022-11-10T03:00:00Z,2022-11-10,7,COAL,0
FUELHH,2022-11-10T03:30:00Z,2022-11-10T03:00:00Z,2022-11-10,7,INTELEC,-1024
FUELHH,2022-11-10T03:30:00Z,2022-11-10T03:00:00Z,2022-11-10,7,INTEW,504
FUELHH,2022-11-10T03:30:00Z,2022-11-10T03:00:00Z,2022-11-10,7,INTFR,-1028
FUELHH,2022-11-10T03:30:00Z,2022-11-10T03:00:00Z,2022-11-10,7,INTIFA2,-1030
FUELHH,2022-11-10T03:30:00Z,2022-11-10T03:00:00Z,2022-11-10,7,INTIRL,136
FUELHH,2022-11-10T03:30:00Z,2022-11-10T03:00:00Z,2022-11-10,7,INTNED,-1074
FUELHH,2022-11-10T03:30:00Z,2022-11-10T03:00:00Z,2022-11-10,7,INTNEM,-994
FUELHH,2022-11-10T03:30:00Z,2022-11-10T03:00:00Z,2022-11-10,7,INTNSL,238
FUELHH,2022-11-10T03:30:00Z,2022-11-10T03:00:00Z,2022-11-10,7,NPSHYD,442
FUELHH,2022-11-10T03:30:00Z,2022-11-10T03:00:00Z,2022-11-10,7,NUCLEAR,4632
FUELHH,2022-11-10T03:30:00Z,2022-11-10T03:00:00Z,2022-11-10,7,OCGT,0
FUELHH,2022-11-10T03:30:00Z,2022-11-10T03:00:00Z,2022-11-10,7,OIL,0
FUELHH,2022-11-10T03:30:00Z,2022-11-10T03:00:00Z,2022-11-10,7,OTHER,108
FUELHH,2022-11-10T03:30:00Z,2022-11-10T03:00:00Z,2022-11-10,7,PS,-1426
FUELHH,2022-11-10T03:30:00Z,2022-11-10T03:00:00Z,2022-11-10,7,WIND,13322
FUELHH,2022-11-10T03:00:00Z,2022-11-10T02:30:00Z,2022-11-10,6,BIOMASS,1385
FUELHH,2022-11-10T03:00:00Z,2022-11-10T02:30:00Z,2022-11-10,6,CCGT,4049
FUELHH,2022-11-10T03:00:00Z,2022-11-10T02:30:00Z,2022-11-10,6,COAL,0
FUELHH,2022-11-10T03:00:00Z,2022-11-10T02:30:00Z,2022-11-10,6,INTELEC,-1024
FUELHH,2022-11-10T03:00:00Z,2022-11-10T02:30:00Z,2022-11-10,6,INTEW,464
FUELHH,2022-11-10T03:00:00Z,2022-11-10T02:30:00Z,2022-11-10,6,INTFR,-1028
FUELHH,2022-11-10T03:00:00Z,2022-11-10T02:30:00Z,2022-11-10,6,INTIFA2,-1030
FUELHH,2022-11-10T03:00:00Z,2022-11-10T02:30:00Z,2022-11-10,6,INTIRL,256
FUELHH,2022-11-10T03:00:00Z,2022-11-10T02:30:00Z,2022-11-10,6,INTNED,-1072
FUELHH,2022-11-10T03:00:00Z,2022-11-10T02:30:00Z,2022-11-10,6,INTNEM,-1016
FUELHH,2022-11-10T03:00:00Z,2022-11-10T02:30:00Z,2022-11-10,6,INTNSL,610
FUELHH,2022-11-10T03:00:00Z,2022-11-10T02:30:00Z,2022-11-10,6,NPSHYD,420
FUELHH,2022-11-10T03:00:00Z,2022-11-10T02:30:00Z,2022-11-10,6,NUCLEAR,4641
FUELHH,2022-11-10T03:00:00Z,2022-11-10T02:30:00Z,2022-11-10,6,OCGT,0
FUELHH,2022-11-10T03:00:00Z,2022-11-10T02:30:00Z,2022-11-10,6,OIL,0
FUELHH,2022-11-10T03:00:00Z,2022-11-10T02:30:00Z,2022-11-10,6,OTHER,103
FUELHH,2022-11-10T03:00:00Z,2022-11-10T02:30:00Z,2022-11-10,6,PS,-1438
FUELHH,2022-11-10T03:00:00Z,2022-11-10T02:30:00Z,2022-11-10,6,WIND,13177
FUELHH,2022-11-10T02:30:00Z,2022-11-10T02:00:00Z,2022-11-10,5,BIOMASS,1682
FUELHH,2022-11-10T02:30:00Z,2022-11-10T02:00:00Z,2022-11-10,5,CCGT,3845
FUELHH,2022-11-10T02:30:00Z,2022-11-10T02:00:00Z,2022-11-10,5,COAL,0
FUELHH,2022-11-10T02:30:00Z,2022-11-10T02:00:00Z,2022-11-10,5,INTELEC,-1024
FUELHH,2022-11-10T02:30:00Z,2022-11-10T02:00:00Z,2022-11-10,5,INTEW,504
FUELHH,2022-11-10T02:30:00Z,2022-11-10T02:00:00Z,2022-11-10,5,INTFR,-1028
FUELHH,2022-11-10T02:30:00Z,2022-11-10T02:00:00Z,2022-11-10,5,INTIFA2,-1030
FUELHH,2022-11-10T02:30:00Z,2022-11-10T02:00:00Z,2022-11-10,5,INTIRL,384
FUELHH,2022-11-10T02:30:00Z,2022-11-10T02:00:00Z,2022-11-10,5,INTNED,-1074
FUELHH,2022-11-10T02:30:00Z,2022-11-10T02:00:00Z,2022-11-10,5,INTNEM,-1016
FUELHH,2022-11-10T02:30:00Z,2022-11-10T02:00:00Z,2022-11-10,5,INTNSL,686
FUELHH,2022-11-10T02:30:00Z,2022-11-10T02:00:00Z,2022-11-10,5,NPSHYD,415
FUELHH,2022-11-10T02:30:00Z,2022-11-10T02:00:00Z,2022-11-10,5,NUCLEAR,4632
FUELHH,2022-11-10T02:30:00Z,2022-11-10T02:00:00Z,2022-11-10,5,OCGT,0
FUELHH,2022-11-10T02:30:00Z,2022-11-10T02:00:00Z,2022-11-10,5,OIL,0
FUELHH,2022-11-10T02:30:00Z,2022-11-10T02:00:00Z,2022-11-10,5,OTHER,108
FUELHH,2022-11-10T02:30:00Z,2022-11-10T02:00:00Z,2022-11-10,5,PS,-1428
FUELHH,2022-11-10T02:30:00Z,2022-11-10T02:00:00Z,2022-11-10,5,WIND,13340
FUELHH,2022-11-10T02:00:00Z,2022-11-10T01:30:00Z,2022-11-10,4,BIOMASS,1962
FUELHH,2022-11-10T02:00:00Z,2022-11-10T01:30:00Z,2022-11-10,4,CCGT,3814
FUELHH,2022-11-10T02:00:00Z,2022-11-10T01:30:00Z,2022-11-10,4,COAL,0
FUELHH,2022-11-10T02:00:00Z,2022-11-10T01:30:00Z,2022-11-10,4,INTELEC,-1024
FUELHH,2022-11-10T02:00:00Z,2022-11-10T01:30:00Z,2022-11-10,4,INTEW,504
FUELHH,2022-11-10T02:00:00Z,2022-11-10T01:30:00Z,2022-11-10,4,INTFR,-1028
FUELHH,2022-11-10T02:00:00Z,2022-11-10T01:30:00Z,2022-11-10,4,INTIFA2,-1030
FUELHH,2022-11-10T02:00:00Z,2022-11-10T01:30:00Z,2022-11-10,4,INTIRL,400
FUELHH,2022-11-10T02:00:00Z,2022-11-10T01:30:00Z,2022-11-10,4,INTNED,-978
FUELHH,2022-11-10T02:00:00Z,2022-11-10T01:30:00Z,2022-11-10,4,INTNEM,-998
FUELHH,2022-11-10T02:00:00Z,2022-11-10T01:30:00Z,2022-11-10,4,INTNSL,1058
FUELHH,2022-11-10T02:00:00Z,2022-11-10T01:30:00Z,2022-11-10,4,NPSHYD,413
FUELHH,2022-11-10T02:00:00Z,2022-11-10T01:30:00Z,2022-11-10,4,NUCLEAR,4636
FUELHH,2022-11-10T02:00:00Z,2022-11-10T01:30:00Z,2022-11-10,4,OCGT,0
FUELHH,2022-11-10T02:00:00Z,2022-11-10T01:30:00Z,2022-11-10,4,OIL,0
FUELHH,2022-11-10T02:00:00Z,2022-11-10T01:30:00Z,2022-11-10,4,OTHER,105
FUELHH,2022-11-10T02:00:00Z,2022-11-10T01:30:00Z,2022-11-10,4,PS,-1444
FUELHH,2022-11-10T02:00:00Z,2022-11-10T01:30:00Z,2022-11-10,4,WIND,13341
FUELHH,2022-11-10T01:30:00Z,2022-11-10T01:00:00Z,2022-11-10,3,BIOMASS,2216
FUELHH,2022-11-10T01:30:00Z,2022-11-10T01:00:00Z,2022-11-10,3,CCGT,4370
FUELHH,2022-11-10T01:30:00Z,2022-11-10T01:00:00Z,2022-11-10,3,COAL,0
FUELHH,2022-11-10T01:30:00Z,2022-11-10T01:00:00Z,2022-11-10,3,INTELEC,-1024
FUELHH,2022-11-10T01:30:00Z,2022-11-10T01:00:00Z,2022-11-10,3,INTEW,504
FUELHH,2022-11-10T01:30:00Z,2022-11-10T01:00:00Z,2022-11-10,3,INTFR,-1028
FUELHH,2022-11-10T01:30:00Z,2022-11-10T01:00:00Z,2022-11-10,3,INTIFA2,-1030
FUELHH,2022-11-10T01:30:00Z,2022-11-10T01:00:00Z,2022-11-10,3,INTIRL,400
FUELHH,2022-11-10T01:30:00Z,2022-11-10T01:00:00Z,2022-11-10,3,INTNED,-976
FUELHH,2022-11-10T01:30:00Z,2022-11-10T01:00:00Z,2022-11-10,3,INTNEM,-996
FUELHH,2022-11-10T01:30:00Z,2022-11-10T01:00:00Z,2022-11-10,3,INTNSL,1096
FUELHH,2022-11-10T01:30:00Z,2022-11-10T01:00:00Z,2022-11-10,3,NPSHYD,405
FUELHH,2022-11-10T01:30:00Z,2022-11-10T01:00:00Z,2022-11-10,3,NUCLEAR,4641
FUELHH,2022-11-10T01:30:00Z,2022-11-10T01:00:00Z,2022-11-10,3,OCGT,0
FUELHH,2022-11-10T01:30:00Z,2022-11-10T01:00:00Z,2022-11-10,3,OIL,0
FUELHH,2022-11-10T01:30:00Z,2022-11-10T01:00:00Z,2022-11-10,3,OTHER,107
FUELHH,2022-11-10T01:30:00Z,2022-11-10T01:00:00Z,2022-11-10,3,PS,-1382
FUELHH,2022-11-10T01:30:00Z,2022-11-10T01:00:00Z,2022-11-10,3,WIND,13189
FUELHH,2022-11-10T01:00:00Z,2022-11-10T00:30:00Z,2022-11-10,2,BIOMASS,2242
FUELHH,2022-11-10T01:00:00Z,2022-11-10T00:30:00Z,2022-11-10,2,CCGT,4389
FUELHH,2022-11-10T01:00:00Z,2022-11-10T00:30:00Z,2022-11-10,2,COAL,0
FUELHH,2022-11-10T01:00:00Z,2022-11-10T00:30:00Z,2022-11-10,2,INTELEC,-1024
FUELHH,2022-11-10T01:00:00Z,2022-11-10T00:30:00Z,2022-11-10,2,INTEW,504
FUELHH,2022-11-10T01:00:00Z,2022-11-10T00:30:00Z,2022-11-10,2,INTFR,-1028
FUELHH,2022-11-10T01:00:00Z,2022-11-10T00:30:00Z,2022-11-10,2,INTIFA2,-1028
FUELHH,2022-11-10T01:00:00Z,2022-11-10T00:30:00Z,2022-11-10,2,INTIRL,400
FUELHH,2022-11-10T01:00:00Z,2022-11-10T00:30:00Z,2022-11-10,2,INTNED,-974
FUELHH,2022-11-10T01:00:00Z,2022-11-10T00:30:00Z,2022-11-10,2,INTNEM,-878
FUELHH,2022-11-10T01:00:00Z,2022-11-10T00:30:00Z,2022-11-10,2,INTNSL,1096
FUELHH,2022-11-10T01:00:00Z,2022-11-10T00:30:00Z,2022-11-10,2,NPSHYD,414
FUELHH,2022-11-10T01:00:00Z,2022-11-10T00:30:00Z,2022-11-10,2,NUCLEAR,4639
FUELHH,2022-11-10T01:00:00Z,2022-11-10T00:30:00Z,2022-11-10,2,OCGT,0
FUELHH,2022-11-10T01:00:00Z,2022-11-10T00:30:00Z,2022-11-10,2,OIL,0
FUELHH,2022-11-10T01:00:00Z,2022-11-10T00:30:00Z,2022-11-10,2,OTHER,120
FUELHH,2022-11-10T01:00:00Z,2022-11-10T00:30:00Z,2022-11-10,2,PS,-1088
FUELHH,2022-11-10T01:00:00Z,2022-11-10T00:30:00Z,2022-11-10,2,WIND,13127
FUELHH,2022-11-10T00:30:00Z,2022-11-10T00:00:00Z,2022-11-10,1,BIOMASS,2222
FUELHH,2022-11-10T00:30:00Z,2022-11-10T00:00:00Z,2022-11-10,1,CCGT,4268
FUELHH,2022-11-10T00:30:00Z,2022-11-10T00:00:00Z,2022-11-10,1,COAL,0
FUELHH,2022-11-10T00:30:00Z,2022-11-10T00:00:00Z,2022-11-10,1,INTELEC,-1024
FUELHH,2022-11-10T00:30:00Z,2022-11-10T00:00:00Z,2022-11-10,1,INTEW,504
FUELHH,2022-11-10T00:30:00Z,2022-11-10T00:00:00Z,2022-11-10,1,INTFR,-1028
FUELHH,2022-11-10T00:30:00Z,2022-11-10T00:00:00Z,2022-11-10,1,INTIFA2,-1030
FUELHH,2022-11-10T00:30:00Z,2022-11-10T00:00:00Z,2022-11-10,1,INTIRL,400
FUELHH,2022-11-10T00:30:00Z,2022-11-10T00:00:00Z,2022-11-10,1,INTNED,-974
FUELHH,2022-11-10T00:30:00Z,2022-11-10T00:00:00Z,2022-11-10,1,INTNEM,-874
FUELHH,2022-11-10T00:30:00Z,2022-11-10T00:00:00Z,2022-11-10,1,INTNSL,1096
FUELHH,2022-11-10T00:30:00Z,2022-11-10T00:00:00Z,2022-11-10,1,NPSHYD,425
FUELHH,2022-11-10T00:30:00Z,2022-11-10T00:00:00Z,2022-11-10,1,NUCLEAR,4640
FUELHH,2022-11-10T00:30:00Z,2022-11-10T00:00:00Z,2022-11-10,1,OCGT,0
FUELHH,2022-11-10T00:30:00Z,2022-11-10T00:00:00Z,2022-11-10,1,OIL,0
FUELHH,2022-11-10T00:30:00Z,2022-11-10T00:00:00Z,2022-11-10,1,OTHER,105
FUELHH,2022-11-10T00:30:00Z,2022-11-10T00:00:00Z,2022-11-10,1,PS,-888
FUELHH,2022-11-10T00:30:00Z,2022-11-10T00:00:00Z,2022-11-10,1,WIND,13108
FUELHH,2022-11-10T00:00:00Z,2022-11-09T23:30:00Z,2022-11-09,48,BIOMASS,2161
FUELHH,2022-11-10T00:00:00Z,2022-11-09T23:30:00Z,2022-11-09,48,CCGT,4028
FUELHH,2022-11-10T00:00:00Z,2022-11-09T23:30:00Z,2022-11-09,48,COAL,0
FUELHH,2022-11-10T00:00:00Z,2022-11-09T23:30:00Z,2022-11-09,48,INTELEC,-1024
FUELHH,2022-11-10T00:00:00Z,2022-11-09T23:30:00Z,2022-11-09,48,INTEW,472
FUELHH,2022-11-10T00:00:00Z,2022-11-09T23:30:00Z,2022-11-09,48,INTFR,-1028
FUELHH,2022-11-10T00:00:00Z,2022-11-09T23:30:00Z,2022-11-09,48,INTIFA2,-1030
FUELHH,2022-11-10T00:00:00Z,2022-11-09T23:30:00Z,2022-11-09,48,INTIRL,400
FUELHH,2022-11-10T00:00:00Z,2022-11-09T23:30:00Z,2022-11-09,48,INTNED,-924
FUELHH,2022-11-10T00:00:00Z,2022-11-09T23:30:00Z,2022-11-09,48,INTNEM,-586
FUELHH,2022-11-10T00:00:00Z,2022-11-09T23:30:00Z,2022-11-09,48,INTNSL,1096
FUELHH,2022-11-10T00:00:00Z,2022-11-09T23:30:00Z,2022-11-09,48,NPSHYD,452
FUELHH,2022-11-10T00:00:00Z,2022-11-09T23:30:00Z,2022-11-09,48,NUCLEAR,4643
FUELHH,2022-11-10T00:00:00Z,2022-11-09T23:30:00Z,2022-11-09,48,OCGT,0
FUELHH,2022-11-10T00:00:00Z,2022-11-09T23:30:00Z,2022-11-09,48,OIL,0
FUELHH,2022-11-10T00:00:00Z,2022-11-09T23:30:00Z,2022-11-09,48,OTHER,118
FUELHH,2022-11-10T00:00:00Z,2022-11-09T23:30:00Z,2022-11-09,48,PS,-826
FUELHH,2022-11-10T00:00:00Z,2022-11-09T23:30:00Z,2022-11-09,48,WIND,13229
FUELHH,2022-11-09T23:30:00Z,2022-11-09T23:00:00Z,2022-11-09,47,BIOMASS,2104
FUELHH,2022-11-09T23:30:00Z,2022-11-09T23:00:00Z,2022-11-09,47,CCGT,4754
FUELHH,2022-11-09T23:30:00Z,2022-11-09T23:00:00Z,2022-11-09,47,COAL,0
FUELHH,2022-11-09T23:30:00Z,2022-11-09T23:00:00Z,2022-11-09,47,INTELEC,-1024
FUELHH,2022-11-09T23:30:00Z,2022-11-09T23:00:00Z,2022-11-09,47,INTEW,504
FUELHH,2022-11-09T23:30:00Z,2022-11-09T23:00:00Z,2022-11-09,47,INTFR,-1028
FUELHH,2022-11-09T23:30:00Z,2022-11-09T23:00:00Z,2022-11-09,47,INTIFA2,-1026
FUELHH,2022-11-09T23:30:00Z,2022-11-09T23:00:00Z,2022-11-09,47,INTIRL,400
FUELHH,2022-11-09T23:30:00Z,2022-11-09T23:00:00Z,2022-11-09,47,INTNED,-922
FUELHH,2022-11-09T23:30:00Z,2022-11-09T23:00:00Z,2022-11-09,47,INTNEM,-588
FUELHH,2022-11-09T23:30:00Z,2022-11-09T23:00:00Z,2022-11-09,47,INTNSL,1096
FUELHH,2022-11-09T23:30:00Z,2022-11-09T23:00:00Z,2022-11-09,47,NPSHYD,465
FUELHH,2022-11-09T23:30:00Z,2022-11-09T23:00:00Z,2022-11-09,47,NUCLEAR,4637
FUELHH,2022-11-09T23:30:00Z,2022-11-09T23:00:00Z,2022-11-09,47,OCGT,0
FUELHH,2022-11-09T23:30:00Z,2022-11-09T23:00:00Z,2022-11-09,47,OIL,0
FUELHH,2022-11-09T23:30:00Z,2022-11-09T23:00:00Z,2022-11-09,47,OTHER,145
FUELHH,2022-11-09T23:30:00Z,2022-11-09T23:00:00Z,2022-11-09,47,PS,-702
FUELHH,2022-11-09T23:30:00Z,2022-11-09T23:00:00Z,2022-11-09,47,WIND,13686
FUELHH,2022-11-09T23:00:00Z,2022-11-09T22:30:00Z,2022-11-09,46,BIOMASS,2032
FUELHH,2022-11-09T23:00:00Z,2022-11-09T22:30:00Z,2022-11-09,46,CCGT,6269
FUELHH,2022-11-09T23:00:00Z,2022-11-09T22:30:00Z,2022-11-09,46,COAL,0
FUELHH,2022-11-09T23:00:00Z,2022-11-09T22:30:00Z,2022-11-09,46,INTELEC,-1024
FUELHH,2022-11-09T23:00:00Z,2022-11-09T22:30:00Z,2022-11-09,46,INTEW,496
FUELHH,2022-11-09T23:00:00Z,2022-11-09T22:30:00Z,2022-11-09,46,INTFR,-1024
FUELHH,2022-11-09T23:00:00Z,2022-11-09T22:30:00Z,2022-11-09,46,INTIFA2,-980
FUELHH,2022-11-09T23:00:00Z,2022-11-09T22:30:00Z,2022-11-09,46,INTIRL,400
FUELHH,2022-11-09T23:00:00Z,2022-11-09T22:30:00Z,2022-11-09,46,INTNED,-592
FUELHH,2022-11-09T23:00:00Z,2022-11-09T22:30:00Z,2022-11-09,46,INTNEM,-924
FUELHH,2022-11-09T23:00:00Z,2022-11-09T22:30:00Z,2022-11-09,46,INTNSL,1096
FUELHH,2022-11-09T23:00:00Z,2022-11-09T22:30:00Z,2022-11-09,46,NPSHYD,465
FUELHH,2022-11-09T23:00:00Z,2022-11-09T22:30:00Z,2022-11-09,46,NUCLEAR,4634
FUELHH,2022-11-09T23:00:00Z,2022-11-09T22:30:00Z,2022-11-09,46,OCGT,0
FUELHH,2022-11-09T23:00:00Z,2022-11-09T22:30:00Z,2022-11-09,46,OIL,0
FUELHH,2022-11-09T23:00:00Z,2022-11-09T22:30:00Z,2022-11-09,46,OTHER,141
FUELHH,2022-11-09T23:00:00Z,2022-11-09T22:30:00Z,2022-11-09,46,PS,-500
FUELHH,2022-11-09T23:00:00Z,2022-11-09T22:30:00Z,2022-11-09,46,WIND,13701
FUELHH,2022-11-09T22:30:00Z,2022-11-09T22:00:00Z,2022-11-09,45,BIOMASS,1928
FUELHH,2022-11-09T22:30:00Z,2022-11-09T22:00:00Z,2022-11-09,45,CCGT,7606
FUELHH,2022-11-09T22:30:00Z,2022-11-09T22:00:00Z,2022-11-09,45,COAL,0
FUELHH,2022-11-09T22:30:00Z,2022-11-09T22:00:00Z,2022-11-09,45,INTELEC,-1020
FUELHH,2022-11-09T22:30:00Z,2022-11-09T22:00:00Z,2022-11-09,45,INTEW,504
FUELHH,2022-11-09T22:30:00Z,2022-11-09T22:00:00Z,2022-11-09,45,INTFR,-1024
FUELHH,2022-11-09T22:30:00Z,2022-11-09T22:00:00Z,2022-11-09,45,INTIFA2,-974
FUELHH,2022-11-09T22:30:00Z,2022-11-09T22:00:00Z,2022-11-09,45,INTIRL,400
FUELHH,2022-11-09T22:30:00Z,2022-11-09T22:00:00Z,2022-11-09,45,INTNED,-572
FUELHH,2022-11-09T22:30:00Z,2022-11-09T22:00:00Z,2022-11-09,45,INTNEM,-928
FUELHH,2022-11-09T22:30:00Z,2022-11-09T22:00:00Z,2022-11-09,45,INTNSL,1096
FUELHH,2022-11-09T22:30:00Z,2022-11-09T22:00:00Z,2022-11-09,45,NPSHYD,480
FUELHH,2022-11-09T22:30:00Z,2022-11-09T22:00:00Z,2022-11-09,45,NUCLEAR,4636
FUELHH,2022-11-09T22:30:00Z,2022-11-09T22:00:00Z,2022-11-09,45,OCGT,0
FUELHH,2022-11-09T22:30:00Z,2022-11-09T22:00:00Z,2022-11-09,45,OIL,0
FUELHH,2022-11-09T22:30:00Z,2022-11-09T22:00:00Z,2022-11-09,45,OTHER,128
FUELHH,2022-11-09T22:30:00Z,2022-11-09T22:00:00Z,2022-11-09,45,PS,-414
FUELHH,2022-11-09T22:30:00Z,2022-11-09T22:00:00Z,2022-11-09,45,WIND,13985
FUELHH,2022-11-09T22:00:00Z,2022-11-09T21:30:00Z,2022-11-09,44,BIOMASS,1881
FUELHH,2022-11-09T22:00:00Z,2022-11-09T21:30:00Z,2022-11-09,44,CCGT,8981
FUELHH,2022-11-09T22:00:00Z,2022-11-09T21:30:00Z,2022-11-09,44,COAL,0
FUELHH,2022-11-09T22:00:00Z,2022-11-09T21:30:00Z,2022-11-09,44,INTELEC,-930
FUELHH,2022-11-09T22:00:00Z,2022-11-09T21:30:00Z,2022-11-09,44,INTEW,504
FUELHH,2022-11-09T22:00:00Z,2022-11-09T21:30:00Z,2022-11-09,44,INTFR,-1030
FUELHH,2022-11-09T22:00:00Z,2022-11-09T21:30:00Z,2022-11-09,44,INTIFA2,-928
FUELHH,2022-11-09T22:00:00Z,2022-11-09T21:30:00Z,2022-11-09,44,INTIRL,400
FUELHH,2022-11-09T22:00:00Z,2022-11-09T21:30:00Z,2022-11-09,44,INTNED,-748
FUELHH,2022-11-09T22:00:00Z,2022-11-09T21:30:00Z,2022-11-09,44,INTNEM,-732
FUELHH,2022-11-09T22:00:00Z,2022-11-09T21:30:00Z,2022-11-09,44,INTNSL,1096
FUELHH,2022-11-09T22:00:00Z,2022-11-09T21:30:00Z,2022-11-09,44,NPSHYD,506
FUELHH,2022-11-09T22:00:00Z,2022-11-09T21:30:00Z,2022-11-09,44,NUCLEAR,4636
FUELHH,2022-11-09T22:00:00Z,2022-11-09T21:30:00Z,2022-11-09,44,OCGT,0
FUELHH,2022-11-09T22:00:00Z,2022-11-09T21:30:00Z,2022-11-09,44,OIL,0
FUELHH,2022-11-09T22:00:00Z,2022-11-09T21:30:00Z,2022-11-09,44,OTHER,112
FUELHH,2022-11-09T22:00:00Z,2022-11-09T21:30:00Z,2022-11-09,44,PS,-404
FUELHH,2022-11-09T22:00:00Z,2022-11-09T21:30:00Z,2022-11-09,44,WIND,14503
FUELHH,2022-11-09T21:30:00Z,2022-11-09T21:00:00Z,2022-11-09,43,BIOMASS,1929
FUELHH,2022-11-09T21:30:00Z,2022-11-09T21:00:00Z,2022-11-09,43,CCGT,10060
FUELHH,2022-11-09T21:30:00Z,2022-11-09T21:00:00Z,2022-11-09,43,COAL,0
FUELHH,2022-11-09T21:30:00Z,2022-11-09T21:00:00Z,2022-11-09,43,INTELEC,-930
FUELHH,2022-11-09T21:30:00Z,2022-11-09T21:00:00Z,2022-11-09,43,INTEW,486
FUELHH,2022-11-09T21:30:00Z,2022-11-09T21:00:00Z,2022-11-09,43,INTFR,-1030
FUELHH,2022-11-09T21:30:00Z,2022-11-09T21:00:00Z,2022-11-09,43,INTIFA2,-930
FUELHH,2022-11-09T21:30:00Z,2022-11-09T21:00:00Z,2022-11-09,43,INTIRL,400
FUELHH,2022-11-09T21:30:00Z,2022-11-09T21:00:00Z,2022-11-09,43,INTNED,-748
FUELHH,2022-11-09T21:30:00Z,2022-11-09T21:00:00Z,2022-11-09,43,INTNEM,-730
FUELHH,2022-11-09T21:30:00Z,2022-11-09T21:00:00Z,2022-11-09,43,INTNSL,1096
FUELHH,2022-11-09T21:30:00Z,2022-11-09T21:00:00Z,2022-11-09,43,NPSHYD,530
FUELHH,2022-11-09T21:30:00Z,2022-11-09T21:00:00Z,2022-11-09,43,NUCLEAR,4635
FUELHH,2022-11-09T21:30:00Z,2022-11-09T21:00:00Z,2022-11-09,43,OCGT,0
FUELHH,2022-11-09T21:30:00Z,2022-11-09T21:00:00Z,2022-11-09,43,OIL,0
FUELHH,2022-11-09T21:30:00Z,2022-11-09T21:00:00Z,2022-11-09,43,OTHER,186
FUELHH,2022-11-09T21:30:00Z,2022-11-09T21:00:00Z,2022-11-09,43,PS,-138
FUELHH,2022-11-09T21:30:00Z,2022-11-09T21:00:00Z,2022-11-09,43,WIND,14622
FUELHH,2022-11-09T21:00:00Z,2022-11-09T20:30:00Z,2022-11-09,42,BIOMASS,1878
FUELHH,2022-11-09T21:00:00Z,2022-11-09T20:30:00Z,2022-11-09,42,CCGT,11429
FUELHH,2022-11-09T21:00:00Z,2022-11-09T20:30:00Z,2022-11-09,42,COAL,189
FUELHH,2022-11-09T21:00:00Z,2022-11-09T20:30:00Z,2022-11-09,42,INTELEC,-1020
FUELHH,2022-11-09T21:00:00Z,2022-11-09T20:30:00Z,2022-11-09,42,INTEW,438
FUELHH,2022-11-09T21:00:00Z,2022-11-09T20:30:00Z,2022-11-09,42,INTFR,-1030
FUELHH,2022-11-09T21:00:00Z,2022-11-09T20:30:00Z,2022-11-09,42,INTIFA2,-1024
FUELHH,2022-11-09T21:00:00Z,2022-11-09T20:30:00Z,2022-11-09,42,INTIRL,400
FUELHH,2022-11-09T21:00:00Z,2022-11-09T20:30:00Z,2022-11-09,42,INTNED,-918
FUELHH,2022-11-09T21:00:00Z,2022-11-09T20:30:00Z,2022-11-09,42,INTNEM,-546
FUELHH,2022-11-09T21:00:00Z,2022-11-09T20:30:00Z,2022-11-09,42,INTNSL,1096
FUELHH,2022-11-09T21:00:00Z,2022-11-09T20:30:00Z,2022-11-09,42,NPSHYD,531
FUELHH,2022-11-09T21:00:00Z,2022-11-09T20:30:00Z,2022-11-09,42,NUCLEAR,4632
FUELHH,2022-11-09T21:00:00Z,2022-11-09T20:30:00Z,2022-11-09,42,OCGT,0
FUELHH,2022-11-09T21:00:00Z,2022-11-09T20:30:00Z,2022-11-09,42,OIL,0
FUELHH,2022-11-09T21:00:00Z,2022-11-09T20:30:00Z,2022-11-09,42,OTHER,190
FUELHH,2022-11-09T21:00:00Z,2022-11-09T20:30:00Z,2022-11-09,42,PS,144
FUELHH,2022-11-09T21:00:00Z,2022-11-09T20:30:00Z,2022-11-09,42,WIND,14702
FUELHH,2022-11-09T20:30:00Z,2022-11-09T20:00:00Z,2022-11-09,41,BIOMASS,1747
FUELHH,2022-11-09T20:30:00Z,2022-11-09T20:00:00Z,2022-11-09,41,CCGT,12681
FUELHH,2022-11-09T20:30:00Z,2022-11-09T20:00:00Z,2022-11-09,41,COAL,229
FUELHH,2022-11-09T20:30:00Z,2022-11-09T20:00:00Z,2022-11-09,41,INTELEC,-1024
FUELHH,2022-11-09T20:30:00Z,2022-11-09T20:00:00Z,2022-11-09,41,INTEW,340
FUELHH,2022-11-09T20:30:00Z,2022-11-09T20:00:00Z,2022-11-09,41,INTFR,-1030
FUELHH,2022-11-09T20:30:00Z,2022-11-09T20:00:00Z,2022-11-09,41,INTIFA2,-1028
FUELHH,2022-11-09T20:30:00Z,2022-11-09T20:00:00Z,2022-11-09,41,INTIRL,400
FUELHH,2022-11-09T20:30:00Z,2022-11-09T20:00:00Z,2022-11-09,41,INTNED,-924
FUELHH,2022-11-09T20:30:00Z,2022-11-09T20:00:00Z,2022-11-09,41,INTNEM,-534
FUELHH,2022-11-09T20:30:00Z,2022-11-09T20:00:00Z,2022-11-09,41,INTNSL,1096
FUELHH,2022-11-09T20:30:00Z,2022-11-09T20:00:00Z,2022-11-09,41,NPSHYD,535
FUELHH,2022-11-09T20:30:00Z,2022-11-09T20:00:00Z,2022-11-09,41,NUCLEAR,4631
FUELHH,2022-11-09T20:30:00Z,2022-11-09T20:00:00Z,2022-11-09,41,OCGT,0
FUELHH,2022-11-09T20:30:00Z,2022-11-09T20:00:00Z,2022-11-09,41,OIL,0
FUELHH,2022-11-09T20:30:00Z,2022-11-09T20:00:00Z,2022-11-09,41,OTHER,196
FUELHH,2022-11-09T20:30:00Z,2022-11-09T20:00:00Z,2022-11-09,41,PS,256
FUELHH,2022-11-09T20:30:00Z,2022-11-09T20:00:00Z,2022-11-09,41,WIND,14365
FUELHH,2022-11-09T20:00:00Z,2022-11-09T19:30:00Z,2022-11-09,40,BIOMASS,1831
FUELHH,2022-11-09T20:00:00Z,2022-11-09T19:30:00Z,2022-11-09,40,CCGT,13881
FUELHH,2022-11-09T20:00:00Z,2022-11-09T19:30:00Z,2022-11-09,40,COAL,231
FUELHH,2022-11-09T20:00:00Z,2022-11-09T19:30:00Z,2022-11-09,40,INTELEC,-1026
FUELHH,2022-11-09T20:00:00Z,2022-11-09T19:30:00Z,2022-11-09,40,INTEW,296
FUELHH,2022-11-09T20:00:00Z,2022-11-09T19:30:00Z,2022-11-09,40,INTFR,-1032
FUELHH,2022-11-09T20:00:00Z,2022-11-09T19:30:00Z,2022-11-09,40,INTIFA2,-1028
FUELHH,2022-11-09T20:00:00Z,2022-11-09T19:30:00Z,2022-11-09,40,INTIRL,400
FUELHH,2022-11-09T20:00:00Z,2022-11-09T19:30:00Z,2022-11-09,40,INTNED,-930
FUELHH,2022-11-09T20:00:00Z,2022-11-09T19:30:00Z,2022-11-09,40,INTNEM,-60
FUELHH,2022-11-09T20:00:00Z,2022-11-09T19:30:00Z,2022-11-09,40,INTNSL,1096
FUELHH,2022-11-09T20:00:00Z,2022-11-09T19:30:00Z,2022-11-09,40,NPSHYD,553
FUELHH,2022-11-09T20:00:00Z,2022-11-09T19:30:00Z,2022-11-09,40,NUCLEAR,4639
FUELHH,2022-11-09T20:00:00Z,2022-11-09T19:30:00Z,2022-11-09,40,OCGT,0
FUELHH,2022-11-09T20:00:00Z,2022-11-09T19:30:00Z,2022-11-09,40,OIL,0
FUELHH,2022-11-09T20:00:00Z,2022-11-09T19:30:00Z,2022-11-09,40,OTHER,191
FUELHH,2022-11-09T20:00:00Z,2022-11-09T19:30:00Z,2022-11-09,40,PS,208
FUELHH,2022-11-09T20:00:00Z,2022-11-09T19:30:00Z,2022-11-09,40,WIND,14203
FUELHH,2022-11-09T19:30:00Z,2022-11-09T19:00:00Z,2022-11-09,39,BIOMASS,1897
FUELHH,2022-11-09T19:30:00Z,2022-11-09T19:00:00Z,2022-11-09,39,CCGT,15165
FUELHH,2022-11-09T19:30:00Z,2022-11-09T19:00:00Z,2022-11-09,39,COAL,231
FUELHH,2022-11-09T19:30:00Z,2022-11-09T19:00:00Z,2022-11-09,39,INTELEC,-1026
FUELHH,2022-11-09T19:30:00Z,2022-11-09T19:00:00Z,2022-11-09,39,INTEW,358
FUELHH,2022-11-09T19:30:00Z,2022-11-09T19:00:00Z,2022-11-09,39,INTFR,-1032
FUELHH,2022-11-09T19:30:00Z,2022-11-09T19:00:00Z,2022-11-09,39,INTIFA2,-1028
FUELHH,2022-11-09T19:30:00Z,2022-11-09T19:00:00Z,2022-11-09,39,INTIRL,398
FUELHH,2022-11-09T19:30:00Z,2022-11-09T19:00:00Z,2022-11-09,39,INTNED,-932
FUELHH,2022-11-09T19:30:00Z,2022-11-09T19:00:00Z,2022-11-09,39,INTNEM,-52
FUELHH,2022-11-09T19:30:00Z,2022-11-09T19:00:00Z,2022-11-09,39,INTNSL,1096
FUELHH,2022-11-09T19:30:00Z,2022-11-09T19:00:00Z,2022-11-09,39,NPSHYD,558
FUELHH,2022-11-09T19:30:00Z,2022-11-09T19:00:00Z,2022-11-09,39,NUCLEAR,4634
FUELHH,2022-11-09T19:30:00Z,2022-11-09T19:00:00Z,2022-11-09,39,OCGT,0
FUELHH,2022-11-09T19:30:00Z,2022-11-09T19:00:00Z,2022-11-09,39,OIL,0
FUELHH,2022-11-09T19:30:00Z,2022-11-09T19:00:00Z,2022-11-09,39,OTHER,258
FUELHH,2022-11-09T19:30:00Z,2022-11-09T19:00:00Z,2022-11-09,39,PS,602
FUELHH,2022-11-09T19:30:00Z,2022-11-09T19:00:00Z,2022-11-09,39,WIND,13735
FUELHH,2022-11-09T19:00:00Z,2022-11-09T18:30:00Z,2022-11-09,38,BIOMASS,1984
FUELHH,2022-11-09T19:00:00Z,2022-11-09T18:30:00Z,2022-11-09,38,CCGT,15144
FUELHH,2022-11-09T19:00:00Z,2022-11-09T18:30:00Z,2022-11-09,38,COAL,230
FUELHH,2022-11-09T19:00:00Z,2022-11-09T18:30:00Z,2022-11-09,38,INTELEC,-1024
FUELHH,2022-11-09T19:00:00Z,2022-11-09T18:30:00Z,2022-11-09,38,INTEW,240
FUELHH,2022-11-09T19:00:00Z,2022-11-09T18:30:00Z,2022-11-09,38,INTFR,-1030
FUELHH,2022-11-09T19:00:00Z,2022-11-09T18:30:00Z,2022-11-09,38,INTIFA2,-1008
FUELHH,2022-11-09T19:00:00Z,2022-11-09T18:30:00Z,2022-11-09,38,INTIRL,350
FUELHH,2022-11-09T19:00:00Z,2022-11-09T18:30:00Z,2022-11-09,38,INTNED,-532
FUELHH,2022-11-09T19:00:00Z,2022-11-09T18:30:00Z,2022-11-09,38,INTNEM,-314
FUELHH,2022-11-09T19:00:00Z,2022-11-09T18:30:00Z,2022-11-09,38,INTNSL,1096
FUELHH,2022-11-09T19:00:00Z,2022-11-09T18:30:00Z,2022-11-09,38,NPSHYD,559
FUELHH,2022-11-09T19:00:00Z,2022-11-09T18:30:00Z,2022-11-09,38,NUCLEAR,4638
FUELHH,2022-11-09T19:00:00Z,2022-11-09T18:30:00Z,2022-11-09,38,OCGT,0
FUELHH,2022-11-09T19:00:00Z,2022-11-09T18:30:00Z,2022-11-09,38,OIL,0
FUELHH,2022-11-09T19:00:00Z,2022-11-09T18:30:00Z,2022-11-09,38,OTHER,380
FUELHH,2022-11-09T19:00:00Z,2022-11-09T18:30:00Z,2022-11-09,38,PS,1392
FUELHH,2022-11-09T19:00:00Z,2022-11-09T18:30:00Z,2022-11-09,38,WIND,13970
FUELHH,2022-11-09T18:30:00Z,2022-11-09T18:00:00Z,2022-11-09,37,BIOMASS,1993
FUELHH,2022-11-09T18:30:00Z,2022-11-09T18:00:00Z,2022-11-09,37,CCGT,15146
FUELHH,2022-11-09T18:30:00Z,2022-11-09T18:00:00Z,2022-11-09,37,COAL,230
FUELHH,2022-11-09T18:30:00Z,2022-11-09T18:00:00Z,2022-11-09,37,INTELEC,-1022
FUELHH,2022-11-09T18:30:00Z,2022-11-09T18:00:00Z,2022-11-09,37,INTEW,248
FUELHH,2022-11-09T18:30:00Z,2022-11-09T18:00:00Z,2022-11-09,37,INTFR,-1028
FUELHH,2022-11-09T18:30:00Z,2022-11-09T18:00:00Z,2022-11-09,37,INTIFA2,-994
FUELHH,2022-11-09T18:30:00Z,2022-11-09T18:00:00Z,2022-11-09,37,INTIRL,400
FUELHH,2022-11-09T18:30:00Z,2022-11-09T18:00:00Z,2022-11-09,37,INTNED,-492
FUELHH,2022-11-09T18:30:00Z,2022-11-09T18:00:00Z,2022-11-09,37,INTNEM,-316
FUELHH,2022-11-09T18:30:00Z,2022-11-09T18:00:00Z,2022-11-09,37,INTNSL,1096
FUELHH,2022-11-09T18:30:00Z,2022-11-09T18:00:00Z,2022-11-09,37,NPSHYD,552
FUELHH,2022-11-09T18:30:00Z,2022-11-09T18:00:00Z,2022-11-09,37,NUCLEAR,4634
FUELHH,2022-11-09T18:30:00Z,2022-11-09T18:00:00Z,2022-11-09,37,OCGT,0
FUELHH,2022-11-09T18:30:00Z,2022-11-09T18:00:00Z,2022-11-09,37,OIL,0
FUELHH,2022-11-09T18:30:00Z,2022-11-09T18:00:00Z,2022-11-09,37,OTHER,668
FUELHH,2022-11-09T18:30:00Z,2022-11-09T18:00:00Z,2022-11-09,37,PS,1400
FUELHH,2022-11-09T18:30:00Z,2022-11-09T18:00:00Z,2022-11-09,37,WIND,13928
FUELHH,2022-11-09T18:00:00Z,2022-11-09T17:30:00Z,2022-11-09,36,BIOMASS,1990
FUELHH,2022-11-09T18:00:00Z,2022-11-09T17:30:00Z,2022-11-09,36,CCGT,15190
FUELHH,2022-11-09T18:00:00Z,2022-11-09T17:30:00Z,2022-11-09,36,COAL,229
FUELHH,2022-11-09T18:00:00Z,2022-11-09T17:30:00Z,2022-11-09,36,INTELEC,-954
FUELHH,2022-11-09T18:00:00Z,2022-11-09T17:30:00Z,2022-11-09,36,INTEW,134
FUELHH,2022-11-09T18:00:00Z,2022-11-09T17:30:00Z,2022-11-09,36,INTFR,-808
FUELHH,2022-11-09T18:00:00Z,2022-11-09T17:30:00Z,2022-11-09,36,INTIFA2,-752
FUELHH,2022-11-09T18:00:00Z,2022-11-09T17:30:00Z,2022-11-09,36,INTIRL,400
FUELHH,2022-11-09T18:00:00Z,2022-11-09T17:30:00Z,2022-11-09,36,INTNED,-614
FUELHH,2022-11-09T18:00:00Z,2022-11-09T17:30:00Z,2022-11-09,36,INTNEM,-306
FUELHH,2022-11-09T18:00:00Z,2022-11-09T17:30:00Z,2022-11-09,36,INTNSL,1096
FUELHH,2022-11-09T18:00:00Z,2022-11-09T17:30:00Z,2022-11-09,36,NPSHYD,564
FUELHH,2022-11-09T18:00:00Z,2022-11-09T17:30:00Z,2022-11-09,36,NUCLEAR,4638
FUELHH,2022-11-09T18:00:00Z,2022-11-09T17:30:00Z,2022-11-09,36,OCGT,0
FUELHH,2022-11-09T18:00:00Z,2022-11-09T17:30:00Z,2022-11-09,36,OIL,0
FUELHH,2022-11-09T18:00:00Z,2022-11-09T17:30:00Z,2022-11-09,36,OTHER,1121
FUELHH,2022-11-09T18:00:00Z,2022-11-09T17:30:00Z,2022-11-09,36,PS,1136
FUELHH,2022-11-09T18:00:00Z,2022-11-09T17:30:00Z,2022-11-09,36,WIND,13746
FUELHH,2022-11-09T17:30:00Z,2022-11-09T17:00:00Z,2022-11-09,35,BIOMASS,1986
FUELHH,2022-11-09T17:30:00Z,2022-11-09T17:00:00Z,2022-11-09,35,CCGT,14867
FUELHH,2022-11-09T17:30:00Z,2022-11-09T17:00:00Z,2022-11-09,35,COAL,231
FUELHH,2022-11-09T17:30:00Z,2022-11-09T17:00:00Z,2022-11-09,35,INTELEC,-950
FUELHH,2022-11-09T17:30:00Z,2022-11-09T17:00:00Z,2022-11-09,35,INTEW,160
FUELHH,2022-11-09T17:30:00Z,2022-11-09T17:00:00Z,2022-11-09,35,INTFR,-794
FUELHH,2022-11-09T17:30:00Z,2022-11-09T17:00:00Z,2022-11-09,35,INTIFA2,-756
FUELHH,2022-11-09T17:30:00Z,2022-11-09T17:00:00Z,2022-11-09,35,INTIRL,356
FUELHH,2022-11-09T17:30:00Z,2022-11-09T17:00:00Z,2022-11-09,35,INTNED,-642
FUELHH,2022-11-09T17:30:00Z,2022-11-09T17:00:00Z,2022-11-09,35,INTNEM,-324
FUELHH,2022-11-09T17:30:00Z,2022-11-09T17:00:00Z,2022-11-09,35,INTNSL,1096
FUELHH,2022-11-09T17:30:00Z,2022-11-09T17:00:00Z,2022-11-09,35,NPSHYD,583
FUELHH,2022-11-09T17:30:00Z,2022-11-09T17:00:00Z,2022-11-09,35,NUCLEAR,4638
FUELHH,2022-11-09T17:30:00Z,2022-11-09T17:00:00Z,2022-11-09,35,OCGT,0
FUELHH,2022-11-09T17:30:00Z,2022-11-09T17:00:00Z,2022-11-09,35,OIL,0
FUELHH,2022-11-09T17:30:00Z,2022-11-09T17:00:00Z,2022-11-09,35,OTHER,1176
FUELHH,2022-11-09T17:30:00Z,2022-11-09T17:00:00Z,2022-11-09,35,PS,1526
FUELHH,2022-11-09T17:30:00Z,2022-11-09T17:00:00Z,2022-11-09,35,WIND,13654
FUELHH,2022-11-09T17:00:00Z,2022-11-09T16:30:00Z,2022-11-09,34,BIOMASS,1991
FUELHH,2022-11-09T17:00:00Z,2022-11-09T16:30:00Z,2022-11-09,34,CCGT,14841
FUELHH,2022-11-09T17:00:00Z,2022-11-09T16:30:00Z,2022-11-09,34,COAL,229
FUELHH,2022-11-09T17:00:00Z,2022-11-09T16:30:00Z,2022-11-09,34,INTELEC,-922
FUELHH,2022-11-09T17:00:00Z,2022-11-09T16:30:00Z,2022-11-09,34,INTEW,258
FUELHH,2022-11-09T17:00:00Z,2022-11-09T16:30:00Z,2022-11-09,34,INTFR,-508
FUELHH,2022-11-09T17:00:00Z,2022-11-09T16:30:00Z,2022-11-09,34,INTIFA2,-1028
FUELHH,2022-11-09T17:00:00Z,2022-11-09T16:30:00Z,2022-11-09,34,INTIRL,400
FUELHH,2022-11-09T17:00:00Z,2022-11-09T16:30:00Z,2022-11-09,34,INTNED,-950
FUELHH,2022-11-09T17:00:00Z,2022-11-09T16:30:00Z,2022-11-09,34,INTNEM,-950
FUELHH,2022-11-09T17:00:00Z,2022-11-09T16:30:00Z,2022-11-09,34,INTNSL,1096
FUELHH,2022-11-09T17:00:00Z,2022-11-09T16:30:00Z,2022-11-09,34,NPSHYD,583
FUELHH,2022-11-09T17:00:00Z,2022-11-09T16:30:00Z,2022-11-09,34,NUCLEAR,4634
FUELHH,2022-11-09T17:00:00Z,2022-11-09T16:30:00Z,2022-11-09,34,OCGT,0
FUELHH,2022-11-09T17:00:00Z,2022-11-09T16:30:00Z,2022-11-09,34,OIL,0
FUELHH,2022-11-09T17:00:00Z,2022-11-09T16:30:00Z,2022-11-09,34,OTHER,1052
FUELHH,2022-11-09T17:00:00Z,2022-11-09T16:30:00Z,2022-11-09,34,PS,1546
FUELHH,2022-11-09T17:00:00Z,2022-11-09T16:30:00Z,2022-11-09,34,WIND,13156
FUELHH,2022-11-09T16:30:00Z,2022-11-09T16:00:00Z,2022-11-09,33,BIOMASS,1985
FUELHH,2022-11-09T16:30:00Z,2022-11-09T16:00:00Z,2022-11-09,33,CCGT,14491
FUELHH,2022-11-09T16:30:00Z,2022-11-09T16:00:00Z,2022-11-09,33,COAL,227
FUELHH,2022-11-09T16:30:00Z,2022-11-09T16:00:00Z,2022-11-09,33,INTELEC,-926
FUELHH,2022-11-09T16:30:00Z,2022-11-09T16:00:00Z,2022-11-09,33,INTEW,144
FUELHH,2022-11-09T16:30:00Z,2022-11-09T16:00:00Z,2022-11-09,33,INTFR,-518
FUELHH,2022-11-09T16:30:00Z,2022-11-09T16:00:00Z,2022-11-09,33,INTIFA2,-1028
FUELHH,2022-11-09T16:30:00Z,2022-11-09T16:00:00Z,2022-11-09,33,INTIRL,400
FUELHH,2022-11-09T16:30:00Z,2022-11-09T16:00:00Z,2022-11-09,33,INTNED,-950
FUELHH,2022-11-09T16:30:00Z,2022-11-09T16:00:00Z,2022-11-09,33,INTNEM,-950
FUELHH,2022-11-09T16:30:00Z,2022-11-09T16:00:00Z,2022-11-09,33,INTNSL,1096
FUELHH,2022-11-09T16:30:00Z,2022-11-09T16:00:00Z,2022-11-09,33,NPSHYD,568
FUELHH,2022-11-09T16:30:00Z,2022-11-09T16:00:00Z,2022-11-09,33,NUCLEAR,4638
FUELHH,2022-11-09T16:30:00Z,2022-11-09T16:00:00Z,2022-11-09,33,OCGT,0
FUELHH,2022-11-09T16:30:00Z,2022-11-09T16:00:00Z,2022-11-09,33,OIL,0
FUELHH,2022-11-09T16:30:00Z,2022-11-09T16:00:00Z,2022-11-09,33,OTHER,469
FUELHH,2022-11-09T16:30:00Z,2022-11-09T16:00:00Z,2022-11-09,33,PS,1194
FUELHH,2022-11-09T16:30:00Z,2022-11-09T16:00:00Z,2022-11-09,33,WIND,12736
FUELHH,2022-11-09T16:00:00Z,2022-11-09T15:30:00Z,2022-11-09,32,BIOMASS,1985
FUELHH,2022-11-09T16:00:00Z,2022-11-09T15:30:00Z,2022-11-09,32,CCGT,13906
FUELHH,2022-11-09T16:00:00Z,2022-11-09T15:30:00Z,2022-11-09,32,COAL,149
FUELHH,2022-11-09T16:00:00Z,2022-11-09T15:30:00Z,2022-11-09,32,INTELEC,-1020
FUELHH,2022-11-09T16:00:00Z,2022-11-09T15:30:00Z,2022-11-09,32,INTEW,72
FUELHH,2022-11-09T16:00:00Z,2022-11-09T15:30:00Z,2022-11-09,32,INTFR,-926
FUELHH,2022-11-09T16:00:00Z,2022-11-09T15:30:00Z,2022-11-09,32,INTIFA2,-1028
FUELHH,2022-11-09T16:00:00Z,2022-11-09T15:30:00Z,2022-11-09,32,INTIRL,320
FUELHH,2022-11-09T16:00:00Z,2022-11-09T15:30:00Z,2022-11-09,32,INTNED,-854
FUELHH,2022-11-09T16:00:00Z,2022-11-09T15:30:00Z,2022-11-09,32,INTNEM,-802
FUELHH,2022-11-09T16:00:00Z,2022-11-09T15:30:00Z,2022-11-09,32,INTNSL,1096
FUELHH,2022-11-09T16:00:00Z,2022-11-09T15:30:00Z,2022-11-09,32,NPSHYD,524
FUELHH,2022-11-09T16:00:00Z,2022-11-09T15:30:00Z,2022-11-09,32,NUCLEAR,4634
FUELHH,2022-11-09T16:00:00Z,2022-11-09T15:30:00Z,2022-11-09,32,OCGT,0
FUELHH,2022-11-09T16:00:00Z,2022-11-09T15:30:00Z,2022-11-09,32,OIL,0
FUELHH,2022-11-09T16:00:00Z,2022-11-09T15:30:00Z,2022-11-09,32,OTHER,134
FUELHH,2022-11-09T16:00:00Z,2022-11-09T15:30:00Z,2022-11-09,32,PS,936
FUELHH,2022-11-09T16:00:00Z,2022-11-09T15:30:00Z,2022-11-09,32,WIND,12847
FUELHH,2022-11-09T15:30:00Z,2022-11-09T15:00:00Z,2022-11-09,31,BIOMASS,1976
FUELHH,2022-11-09T15:30:00Z,2022-11-09T15:00:00Z,2022-11-09,31,CCGT,13256
FUELHH,2022-11-09T15:30:00Z,2022-11-09T15:00:00Z,2022-11-09,31,COAL,43
FUELHH,2022-11-09T15:30:00Z,2022-11-09T15:00:00Z,2022-11-09,31,INTELEC,-1026
FUELHH,2022-11-09T15:30:00Z,2022-11-09T15:00:00Z,2022-11-09,31,INTEW,0
FUELHH,2022-11-09T15:30:00Z,2022-11-09T15:00:00Z,2022-11-09,31,INTFR,-942
FUELHH,2022-11-09T15:30:00Z,2022-11-09T15:00:00Z,2022-11-09,31,INTIFA2,-1028
FUELHH,2022-11-09T15:30:00Z,2022-11-09T15:00:00Z,2022-11-09,31,INTIRL,172
FUELHH,2022-11-09T15:30:00Z,2022-11-09T15:00:00Z,2022-11-09,31,INTNED,-850
FUELHH,2022-11-09T15:30:00Z,2022-11-09T15:00:00Z,2022-11-09,31,INTNEM,-802
FUELHH,2022-11-09T15:30:00Z,2022-11-09T15:00:00Z,2022-11-09,31,INTNSL,1096
FUELHH,2022-11-09T15:30:00Z,2022-11-09T15:00:00Z,2022-11-09,31,NPSHYD,516
FUELHH,2022-11-09T15:30:00Z,2022-11-09T15:00:00Z,2022-11-09,31,NUCLEAR,4637
FUELHH,2022-11-09T15:30:00Z,2022-11-09T15:00:00Z,2022-11-09,31,OCGT,0
FUELHH,2022-11-09T15:30:00Z,2022-11-09T15:00:00Z,2022-11-09,31,OIL,0
FUELHH,2022-11-09T15:30:00Z,2022-11-09T15:00:00Z,2022-11-09,31,OTHER,136
FUELHH,2022-11-09T15:30:00Z,2022-11-09T15:00:00Z,2022-11-09,31,PS,662
FUELHH,2022-11-09T15:30:00Z,2022-11-09T15:00:00Z,2022-11-09,31,WIND,12974
FUELHH,2022-11-09T15:00:00Z,2022-11-09T14:30:00Z,2022-11-09,30,BIOMASS,1950
FUELHH,2022-11-09T15:00:00Z,2022-11-09T14:30:00Z,2022-11-09,30,CCGT,12633
FUELHH,2022-11-09T15:00:00Z,2022-11-09T14:30:00Z,2022-11-09,30,COAL,18
FUELHH,2022-11-09T15:00:00Z,2022-11-09T14:30:00Z,2022-11-09,30,INTELEC,-1026
FUELHH,2022-11-09T15:00:00Z,2022-11-09T14:30:00Z,2022-11-09,30,INTEW,0
FUELHH,2022-11-09T15:00:00Z,2022-11-09T14:30:00Z,2022-11-09,30,INTFR,-1026
FUELHH,2022-11-09T15:00:00Z,2022-11-09T14:30:00Z,2022-11-09,30,INTIFA2,-1028
FUELHH,2022-11-09T15:00:00Z,2022-11-09T14:30:00Z,2022-11-09,30,INTIRL,204
FUELHH,2022-11-09T15:00:00Z,2022-11-09T14:30:00Z,2022-11-09,30,INTNED,-758
FUELHH,2022-11-09T15:00:00Z,2022-11-09T14:30:00Z,2022-11-09,30,INTNEM,-766
FUELHH,2022-11-09T15:00:00Z,2022-11-09T14:30:00Z,2022-11-09,30,INTNSL,1096
FUELHH,2022-11-09T15:00:00Z,2022-11-09T14:30:00Z,2022-11-09,30,NPSHYD,506
FUELHH,2022-11-09T15:00:00Z,2022-11-09T14:30:00Z,2022-11-09,30,NUCLEAR,4632
FUELHH,2022-11-09T15:00:00Z,2022-11-09T14:30:00Z,2022-11-09,30,OCGT,0
FUELHH,2022-11-09T15:00:00Z,2022-11-09T14:30:00Z,2022-11-09,30,OIL,0
FUELHH,2022-11-09T15:00:00Z,2022-11-09T14:30:00Z,2022-11-09,30,OTHER,168
FUELHH,2022-11-09T15:00:00Z,2022-11-09T14:30:00Z,2022-11-09,30,PS,66
FUELHH,2022-11-09T15:00:00Z,2022-11-09T14:30:00Z,2022-11-09,30,WIND,13019
FUELHH,2022-11-09T14:30:00Z,2022-11-09T14:00:00Z,2022-11-09,29,BIOMASS,1954
FUELHH,2022-11-09T14:30:00Z,2022-11-09T14:00:00Z,2022-11-09,29,CCGT,11568
FUELHH,2022-11-09T14:30:00Z,2022-11-09T14:00:00Z,2022-11-09,29,COAL,1
FUELHH,2022-11-09T14:30:00Z,2022-11-09T14:00:00Z,2022-11-09,29,INTELEC,-1026
FUELHH,2022-11-09T14:30:00Z,2022-11-09T14:00:00Z,2022-11-09,29,INTEW,0
FUELHH,2022-11-09T14:30:00Z,2022-11-09T14:00:00Z,2022-11-09,29,INTFR,-1030
FUELHH,2022-11-09T14:30:00Z,2022-11-09T14:00:00Z,2022-11-09,29,INTIFA2,-1028
FUELHH,2022-11-09T14:30:00Z,2022-11-09T14:00:00Z,2022-11-09,29,INTIRL,306
FUELHH,2022-11-09T14:30:00Z,2022-11-09T14:00:00Z,2022-11-09,29,INTNED,-680
FUELHH,2022-11-09T14:30:00Z,2022-11-09T14:00:00Z,2022-11-09,29,INTNEM,-762
FUELHH,2022-11-09T14:30:00Z,2022-11-09T14:00:00Z,2022-11-09,29,INTNSL,1096
FUELHH,2022-11-09T14:30:00Z,2022-11-09T14:00:00Z,2022-11-09,29,NPSHYD,494
FUELHH,2022-11-09T14:30:00Z,2022-11-09T14:00:00Z,2022-11-09,29,NUCLEAR,4636
FUELHH,2022-11-09T14:30:00Z,2022-11-09T14:00:00Z,2022-11-09,29,OCGT,0
FUELHH,2022-11-09T14:30:00Z,2022-11-09T14:00:00Z,2022-11-09,29,OIL,0
FUELHH,2022-11-09T14:30:00Z,2022-11-09T14:00:00Z,2022-11-09,29,OTHER,157
FUELHH,2022-11-09T14:30:00Z,2022-11-09T14:00:00Z,2022-11-09,29,PS,-12
FUELHH,2022-11-09T14:30:00Z,2022-11-09T14:00:00Z,2022-11-09,29,WIND,13296
FUELHH,2022-11-09T14:00:00Z,2022-11-09T13:30:00Z,2022-11-09,28,BIOMASS,1957
FUELHH,2022-11-09T14:00:00Z,2022-11-09T13:30:00Z,2022-11-09,28,CCGT,10359
FUELHH,2022-11-09T14:00:00Z,2022-11-09T13:30:00Z,2022-11-09,28,COAL,0
FUELHH,2022-11-09T14:00:00Z,2022-11-09T13:30:00Z,2022-11-09,28,INTELEC,-1024
FUELHH,2022-11-09T14:00:00Z,2022-11-09T13:30:00Z,2022-11-09,28,INTEW,0
FUELHH,2022-11-09T14:00:00Z,2022-11-09T13:30:00Z,2022-11-09,28,INTFR,-1030
FUELHH,2022-11-09T14:00:00Z,2022-11-09T13:30:00Z,2022-11-09,28,INTIFA2,-1028
FUELHH,2022-11-09T14:00:00Z,2022-11-09T13:30:00Z,2022-11-09,28,INTIRL,214
FUELHH,2022-11-09T14:00:00Z,2022-11-09T13:30:00Z,2022-11-09,28,INTNED,-104
FUELHH,2022-11-09T14:00:00Z,2022-11-09T13:30:00Z,2022-11-09,28,INTNEM,-420
FUELHH,2022-11-09T14:00:00Z,2022-11-09T13:30:00Z,2022-11-09,28,INTNSL,1096
FUELHH,2022-11-09T14:00:00Z,2022-11-09T13:30:00Z,2022-11-09,28,NPSHYD,494
FUELHH,2022-11-09T14:00:00Z,2022-11-09T13:30:00Z,2022-11-09,28,NUCLEAR,4632
FUELHH,2022-11-09T14:00:00Z,2022-11-09T13:30:00Z,2022-11-09,28,OCGT,0
FUELHH,2022-11-09T14:00:00Z,2022-11-09T13:30:00Z,2022-11-09,28,OIL,0
FUELHH,2022-11-09T14:00:00Z,2022-11-09T13:30:00Z,2022-11-09,28,OTHER,147
FUELHH,2022-11-09T14:00:00Z,2022-11-09T13:30:00Z,2022-11-09,28,PS,34
FUELHH,2022-11-09T14:00:00Z,2022-11-09T13:30:00Z,2022-11-09,28,WIND,13623
FUELHH,2022-11-09T13:30:00Z,2022-11-09T13:00:00Z,2022-11-09,27,BIOMASS,1945
FUELHH,2022-11-09T13:30:00Z,2022-11-09T13:00:00Z,2022-11-09,27,CCGT,10103
FUELHH,2022-11-09T13:30:00Z,2022-11-09T13:00:00Z,2022-11-09,27,COAL,0
FUELHH,2022-11-09T13:30:00Z,2022-11-09T13:00:00Z,2022-11-09,27,INTELEC,-1024
FUELHH,2022-11-09T13:30:00Z,2022-11-09T13:00:00Z,2022-11-09,27,INTEW,0
FUELHH,2022-11-09T13:30:00Z,2022-11-09T13:00:00Z,2022-11-09,27,INTFR,-1030
FUELHH,2022-11-09T13:30:00Z,2022-11-09T13:00:00Z,2022-11-09,27,INTIFA2,-1028
FUELHH,2022-11-09T13:30:00Z,2022-11-09T13:00:00Z,2022-11-09,27,INTIRL,222
FUELHH,2022-11-09T13:30:00Z,2022-11-09T13:00:00Z,2022-11-09,27,INTNED,-102
FUELHH,2022-11-09T13:30:00Z,2022-11-09T13:00:00Z,2022-11-09,27,INTNEM,-414
FUELHH,2022-11-09T13:30:00Z,2022-11-09T13:00:00Z,2022-11-09,27,INTNSL,1096
FUELHH,2022-11-09T13:30:00Z,2022-11-09T13:00:00Z,2022-11-09,27,NPSHYD,499
FUELHH,2022-11-09T13:30:00Z,2022-11-09T13:00:00Z,2022-11-09,27,NUCLEAR,4638
FUELHH,2022-11-09T13:30:00Z,2022-11-09T13:00:00Z,2022-11-09,27,OCGT,0
FUELHH,2022-11-09T13:30:00Z,2022-11-09T13:00:00Z,2022-11-09,27,OIL,0
FUELHH,2022-11-09T13:30:00Z,2022-11-09T13:00:00Z,2022-11-09,27,OTHER,167
FUELHH,2022-11-09T13:30:00Z,2022-11-09T13:00:00Z,2022-11-09,27,PS,-14
FUELHH,2022-11-09T13:30:00Z,2022-11-09T13:00:00Z,2022-11-09,27,WIND,13978
FUELHH,2022-11-09T13:00:00Z,2022-11-09T12:30:00Z,2022-11-09,26,BIOMASS,1905
FUELHH,2022-11-09T13:00:00Z,2022-11-09T12:30:00Z,2022-11-09,26,CCGT,9644
FUELHH,2022-11-09T13:00:00Z,2022-11-09T12:30:00Z,2022-11-09,26,COAL,0
FUELHH,2022-11-09T13:00:00Z,2022-11-09T12:30:00Z,2022-11-09,26,INTELEC,-1024
FUELHH,2022-11-09T13:00:00Z,2022-11-09T12:30:00Z,2022-11-09,26,INTEW,-44
FUELHH,2022-11-09T13:00:00Z,2022-11-09T12:30:00Z,2022-11-09,26,INTFR,-1030
FUELHH,2022-11-09T13:00:00Z,2022-11-09T12:30:00Z,2022-11-09,26,INTIFA2,-1028
FUELHH,2022-11-09T13:00:00Z,2022-11-09T12:30:00Z,2022-11-09,26,INTIRL,68
FUELHH,2022-11-09T13:00:00Z,2022-11-09T12:30:00Z,2022-11-09,26,INTNED,0
FUELHH,2022-11-09T13:00:00Z,2022-11-09T12:30:00Z,2022-11-09,26,INTNEM,0
FUELHH,2022-11-09T13:00:00Z,2022-11-09T12:30:00Z,2022-11-09,26,INTNSL,1096
FUELHH,2022-11-09T13:00:00Z,2022-11-09T12:30:00Z,2022-11-09,26,NPSHYD,487
FUELHH,2022-11-09T13:00:00Z,2022-11-09T12:30:00Z,2022-11-09,26,NUCLEAR,4633
FUELHH,2022-11-09T13:00:00Z,2022-11-09T12:30:00Z,2022-11-09,26,OCGT,0
FUELHH,2022-11-09T13:00:00Z,2022-11-09T12:30:00Z,2022-11-09,26,OIL,0
FUELHH,2022-11-09T13:00:00Z,2022-11-09T12:30:00Z,2022-11-09,26,OTHER,137
FUELHH,2022-11-09T13:00:00Z,2022-11-09T12:30:00Z,2022-11-09,26,PS,-8
FUELHH,2022-11-09T13:00:00Z,2022-11-09T12:30:00Z,2022-11-09,26,WIND,14154
FUELHH,2022-11-09T12:30:00Z,2022-11-09T12:00:00Z,2022-11-09,25,BIOMASS,1846
FUELHH,2022-11-09T12:30:00Z,2022-11-09T12:00:00Z,2022-11-09,25,CCGT,9620
FUELHH,2022-11-09T12:30:00Z,2022-11-09T12:00:00Z,2022-11-09,25,COAL,0
FUELHH,2022-11-09T12:30:00Z,2022-11-09T12:00:00Z,2022-11-09,25,INTELEC,-1024
FUELHH,2022-11-09T12:30:00Z,2022-11-09T12:00:00Z,2022-11-09,25,INTEW,0
FUELHH,2022-11-09T12:30:00Z,2022-11-09T12:00:00Z,2022-11-09,25,INTFR,-1030
FUELHH,2022-11-09T12:30:00Z,2022-11-09T12:00:00Z,2022-11-09,25,INTIFA2,-1028
FUELHH,2022-11-09T12:30:00Z,2022-11-09T12:00:00Z,2022-11-09,25,INTIRL,54
FUELHH,2022-11-09T12:30:00Z,2022-11-09T12:00:00Z,2022-11-09,25,INTNED,0
FUELHH,2022-11-09T12:30:00Z,2022-11-09T12:00:00Z,2022-11-09,25,INTNEM,0
FUELHH,2022-11-09T12:30:00Z,2022-11-09T12:00:00Z,2022-11-09,25,INTNSL,1096
FUELHH,2022-11-09T12:30:00Z,2022-11-09T12:00:00Z,2022-11-09,25,NPSHYD,486
FUELHH,2022-11-09T12:30:00Z,2022-11-09T12:00:00Z,2022-11-09,25,NUCLEAR,4635
FUELHH,2022-11-09T12:30:00Z,2022-11-09T12:00:00Z,2022-11-09,25,OCGT,0
FUELHH,2022-11-09T12:30:00Z,2022-11-09T12:00:00Z,2022-11-09,25,OIL,0
FUELHH,2022-11-09T12:30:00Z,2022-11-09T12:00:00Z,2022-11-09,25,OTHER,127
FUELHH,2022-11-09T12:30:00Z,2022-11-09T12:00:00Z,2022-11-09,25,PS,2
FUELHH,2022-11-09T12:30:00Z,2022-11-09T12:00:00Z,2022-11-09,25,WIND,14112
FUELHH,2022-11-09T12:00:00Z,2022-11-09T11:30:00Z,2022-11-09,24,BIOMASS,1658
FUELHH,2022-11-09T12:00:00Z,2022-11-09T11:30:00Z,2022-11-09,24,CCGT,9441
FUELHH,2022-11-09T12:00:00Z,2022-11-09T11:30:00Z,2022-11-09,24,COAL,0
FUELHH,2022-11-09T12:00:00Z,2022-11-09T11:30:00Z,2022-11-09,24,INTELEC,-1024
FUELHH,2022-11-09T12:00:00Z,2022-11-09T11:30:00Z,2022-11-09,24,INTEW,0
FUELHH,2022-11-09T12:00:00Z,2022-11-09T11:30:00Z,2022-11-09,24,INTFR,-1030
FUELHH,2022-11-09T12:00:00Z,2022-11-09T11:30:00Z,2022-11-09,24,INTIFA2,-1028
FUELHH,2022-11-09T12:00:00Z,2022-11-09T11:30:00Z,2022-11-09,24,INTIRL,-30
FUELHH,2022-11-09T12:00:00Z,2022-11-09T11:30:00Z,2022-11-09,24,INTNED,260
FUELHH,2022-11-09T12:00:00Z,2022-11-09T11:30:00Z,2022-11-09,24,INTNEM,0
FUELHH,2022-11-09T12:00:00Z,2022-11-09T11:30:00Z,2022-11-09,24,INTNSL,1096
FUELHH,2022-11-09T12:00:00Z,2022-11-09T11:30:00Z,2022-11-09,24,NPSHYD,481
FUELHH,2022-11-09T12:00:00Z,2022-11-09T11:30:00Z,2022-11-09,24,NUCLEAR,4632
FUELHH,2022-11-09T12:00:00Z,2022-11-09T11:30:00Z,2022-11-09,24,OCGT,0
FUELHH,2022-11-09T12:00:00Z,2022-11-09T11:30:00Z,2022-11-09,24,OIL,0
FUELHH,2022-11-09T12:00:00Z,2022-11-09T11:30:00Z,2022-11-09,24,OTHER,146
FUELHH,2022-11-09T12:00:00Z,2022-11-09T11:30:00Z,2022-11-09,24,PS,6
FUELHH,2022-11-09T12:00:00Z,2022-11-09T11:30:00Z,2022-11-09,24,WIND,14282
FUELHH,2022-11-09T11:30:00Z,2022-11-09T11:00:00Z,2022-11-09,23,BIOMASS,1591
FUELHH,2022-11-09T11:30:00Z,2022-11-09T11:00:00Z,2022-11-09,23,CCGT,9656
FUELHH,2022-11-09T11:30:00Z,2022-11-09T11:00:00Z,2022-11-09,23,COAL,0
FUELHH,2022-11-09T11:30:00Z,2022-11-09T11:00:00Z,2022-11-09,23,INTELEC,-1024
FUELHH,2022-11-09T11:30:00Z,2022-11-09T11:00:00Z,2022-11-09,23,INTEW,0
FUELHH,2022-11-09T11:30:00Z,2022-11-09T11:00:00Z,2022-11-09,23,INTFR,-1032
FUELHH,2022-11-09T11:30:00Z,2022-11-09T11:00:00Z,2022-11-09,23,INTIFA2,-1028
FUELHH,2022-11-09T11:30:00Z,2022-11-09T11:00:00Z,2022-11-09,23,INTIRL,-70
FUELHH,2022-11-09T11:30:00Z,2022-11-09T11:00:00Z,2022-11-09,23,INTNED,284
FUELHH,2022-11-09T11:30:00Z,2022-11-09T11:00:00Z,2022-11-09,23,INTNEM,0
FUELHH,2022-11-09T11:30:00Z,2022-11-09T11:00:00Z,2022-11-09,23,INTNSL,1096
FUELHH,2022-11-09T11:30:00Z,2022-11-09T11:00:00Z,2022-11-09,23,NPSHYD,481
FUELHH,2022-11-09T11:30:00Z,2022-11-09T11:00:00Z,2022-11-09,23,NUCLEAR,4635
FUELHH,2022-11-09T11:30:00Z,2022-11-09T11:00:00Z,2022-11-09,23,OCGT,0
FUELHH,2022-11-09T11:30:00Z,2022-11-09T11:00:00Z,2022-11-09,23,OIL,0
FUELHH,2022-11-09T11:30:00Z,2022-11-09T11:00:00Z,2022-11-09,23,OTHER,125
FUELHH,2022-11-09T11:30:00Z,2022-11-09T11:00:00Z,2022-11-09,23,PS,-10
FUELHH,2022-11-09T11:30:00Z,2022-11-09T11:00:00Z,2022-11-09,23,WIND,14351
FUELHH,2022-11-09T11:00:00Z,2022-11-09T10:30:00Z,2022-11-09,22,BIOMASS,1584
FUELHH,2022-11-09T11:00:00Z,2022-11-09T10:30:00Z,2022-11-09,22,CCGT,9626
FUELHH,2022-11-09T11:00:00Z,2022-11-09T10:30:00Z,2022-11-09,22,COAL,0
FUELHH,2022-11-09T11:00:00Z,2022-11-09T10:30:00Z,2022-11-09,22,INTELEC,-1024
FUELHH,2022-11-09T11:00:00Z,2022-11-09T10:30:00Z,2022-11-09,22,INTEW,-20
FUELHH,2022-11-09T11:00:00Z,2022-11-09T10:30:00Z,2022-11-09,22,INTFR,-1030
FUELHH,2022-11-09T11:00:00Z,2022-11-09T10:30:00Z,2022-11-09,22,INTIFA2,-1028
FUELHH,2022-11-09T11:00:00Z,2022-11-09T10:30:00Z,2022-11-09,22,INTIRL,-206
FUELHH,2022-11-09T11:00:00Z,2022-11-09T10:30:00Z,2022-11-09,22,INTNED,770
FUELHH,2022-11-09T11:00:00Z,2022-11-09T10:30:00Z,2022-11-09,22,INTNEM,100
FUELHH,2022-11-09T11:00:00Z,2022-11-09T10:30:00Z,2022-11-09,22,INTNSL,1096
FUELHH,2022-11-09T11:00:00Z,2022-11-09T10:30:00Z,2022-11-09,22,NPSHYD,479
FUELHH,2022-11-09T11:00:00Z,2022-11-09T10:30:00Z,2022-11-09,22,NUCLEAR,4636
FUELHH,2022-11-09T11:00:00Z,2022-11-09T10:30:00Z,2022-11-09,22,OCGT,0
FUELHH,2022-11-09T11:00:00Z,2022-11-09T10:30:00Z,2022-11-09,22,OIL,0
FUELHH,2022-11-09T11:00:00Z,2022-11-09T10:30:00Z,2022-11-09,22,OTHER,123
FUELHH,2022-11-09T11:00:00Z,2022-11-09T10:30:00Z,2022-11-09,22,PS,-8
FUELHH,2022-11-09T11:00:00Z,2022-11-09T10:30:00Z,2022-11-09,22,WIND,14299
FUELHH,2022-11-09T10:30:00Z,2022-11-09T10:00:00Z,2022-11-09,21,BIOMASS,1652
FUELHH,2022-11-09T10:30:00Z,2022-11-09T10:00:00Z,2022-11-09,21,CCGT,9649
FUELHH,2022-11-09T10:30:00Z,2022-11-09T10:00:00Z,2022-11-09,21,COAL,0
FUELHH,2022-11-09T10:30:00Z,2022-11-09T10:00:00Z,2022-11-09,21,INTELEC,-1020
FUELHH,2022-11-09T10:30:00Z,2022-11-09T10:00:00Z,2022-11-09,21,INTEW,0
FUELHH,2022-11-09T10:30:00Z,2022-11-09T10:00:00Z,2022-11-09,21,INTFR,-1016
FUELHH,2022-11-09T10:30:00Z,2022-11-09T10:00:00Z,2022-11-09,21,INTIFA2,-998
FUELHH,2022-11-09T10:30:00Z,2022-11-09T10:00:00Z,2022-11-09,21,INTIRL,-254
FUELHH,2022-11-09T10:30:00Z,2022-11-09T10:00:00Z,2022-11-09,21,INTNED,770
FUELHH,2022-11-09T10:30:00Z,2022-11-09T10:00:00Z,2022-11-09,21,INTNEM,102
FUELHH,2022-11-09T10:30:00Z,2022-11-09T10:00:00Z,2022-11-09,21,INTNSL,1096
FUELHH,2022-11-09T10:30:00Z,2022-11-09T10:00:00Z,2022-11-09,21,NPSHYD,475
FUELHH,2022-11-09T10:30:00Z,2022-11-09T10:00:00Z,2022-11-09,21,NUCLEAR,4635
FUELHH,2022-11-09T10:30:00Z,2022-11-09T10:00:00Z,2022-11-09,21,OCGT,0
FUELHH,2022-11-09T10:30:00Z,2022-11-09T10:00:00Z,2022-11-09,21,OIL,0
FUELHH,2022-11-09T10:30:00Z,2022-11-09T10:00:00Z,2022-11-09,21,OTHER,132
FUELHH,2022-11-09T10:30:00Z,2022-11-09T10:00:00Z,2022-11-09,21,PS,-10
FUELHH,2022-11-09T10:30:00Z,2022-11-09T10:00:00Z,2022-11-09,21,WIND,14466
FUELHH,2022-11-09T10:00:00Z,2022-11-09T09:30:00Z,2022-11-09,20,BIOMASS,1623
FUELHH,2022-11-09T10:00:00Z,2022-11-09T09:30:00Z,2022-11-09,20,CCGT,9365
FUELHH,2022-11-09T10:00:00Z,2022-11-09T09:30:00Z,2022-11-09,20,COAL,0
FUELHH,2022-11-09T10:00:00Z,2022-11-09T09:30:00Z,2022-11-09,20,INTELEC,-902
FUELHH,2022-11-09T10:00:00Z,2022-11-09T09:30:00Z,2022-11-09,20,INTEW,0
FUELHH,2022-11-09T10:00:00Z,2022-11-09T09:30:00Z,2022-11-09,20,INTFR,-578
FUELHH,2022-11-09T10:00:00Z,2022-11-09T09:30:00Z,2022-11-09,20,INTIFA2,-340
FUELHH,2022-11-09T10:00:00Z,2022-11-09T09:30:00Z,2022-11-09,20,INTIRL,-314
FUELHH,2022-11-09T10:00:00Z,2022-11-09T09:30:00Z,2022-11-09,20,INTNED,604
FUELHH,2022-11-09T10:00:00Z,2022-11-09T09:30:00Z,2022-11-09,20,INTNEM,290
FUELHH,2022-11-09T10:00:00Z,2022-11-09T09:30:00Z,2022-11-09,20,INTNSL,1096
FUELHH,2022-11-09T10:00:00Z,2022-11-09T09:30:00Z,2022-11-09,20,NPSHYD,521
FUELHH,2022-11-09T10:00:00Z,2022-11-09T09:30:00Z,2022-11-09,20,NUCLEAR,4638
FUELHH,2022-11-09T10:00:00Z,2022-11-09T09:30:00Z,2022-11-09,20,OCGT,0
FUELHH,2022-11-09T10:00:00Z,2022-11-09T09:30:00Z,2022-11-09,20,OIL,0
FUELHH,2022-11-09T10:00:00Z,2022-11-09T09:30:00Z,2022-11-09,20,OTHER,126
FUELHH,2022-11-09T10:00:00Z,2022-11-09T09:30:00Z,2022-11-09,20,PS,-10
FUELHH,2022-11-09T10:00:00Z,2022-11-09T09:30:00Z,2022-11-09,20,WIND,14311
FUELHH,2022-11-09T09:30:00Z,2022-11-09T09:00:00Z,2022-11-09,19,BIOMASS,1679
FUELHH,2022-11-09T09:30:00Z,2022-11-09T09:00:00Z,2022-11-09,19,CCGT,9929
FUELHH,2022-11-09T09:30:00Z,2022-11-09T09:00:00Z,2022-11-09,19,COAL,0
FUELHH,2022-11-09T09:30:00Z,2022-11-09T09:00:00Z,2022-11-09,19,INTELEC,-896
FUELHH,2022-11-09T09:30:00Z,2022-11-09T09:00:00Z,2022-11-09,19,INTEW,0
FUELHH,2022-11-09T09:30:00Z,2022-11-09T09:00:00Z,2022-11-09,19,INTFR,-558
FUELHH,2022-11-09T09:30:00Z,2022-11-09T09:00:00Z,2022-11-09,19,INTIFA2,-320
FUELHH,2022-11-09T09:30:00Z,2022-11-09T09:00:00Z,2022-11-09,19,INTIRL,-198
FUELHH,2022-11-09T09:30:00Z,2022-11-09T09:00:00Z,2022-11-09,19,INTNED,604
FUELHH,2022-11-09T09:30:00Z,2022-11-09T09:00:00Z,2022-11-09,19,INTNEM,290
FUELHH,2022-11-09T09:30:00Z,2022-11-09T09:00:00Z,2022-11-09,19,INTNSL,1096
FUELHH,2022-11-09T09:30:00Z,2022-11-09T09:00:00Z,2022-11-09,19,NPSHYD,574
FUELHH,2022-11-09T09:30:00Z,2022-11-09T09:00:00Z,2022-11-09,19,NUCLEAR,4634
FUELHH,2022-11-09T09:30:00Z,2022-11-09T09:00:00Z,2022-11-09,19,OCGT,2
FUELHH,2022-11-09T09:30:00Z,2022-11-09T09:00:00Z,2022-11-09,19,OIL,0
FUELHH,2022-11-09T09:30:00Z,2022-11-09T09:00:00Z,2022-11-09,19,OTHER,144
FUELHH,2022-11-09T09:30:00Z,2022-11-09T09:00:00Z,2022-11-09,19,PS,372
FUELHH,2022-11-09T09:30:00Z,2022-11-09T09:00:00Z,2022-11-09,19,WIND,14001
FUELHH,2022-11-09T09:00:00Z,2022-11-09T08:30:00Z,2022-11-09,18,BIOMASS,1689
FUELHH,2022-11-09T09:00:00Z,2022-11-09T08:30:00Z,2022-11-09,18,CCGT,9854
FUELHH,2022-11-09T09:00:00Z,2022-11-09T08:30:00Z,2022-11-09,18,COAL,0
FUELHH,2022-11-09T09:00:00Z,2022-11-09T08:30:00Z,2022-11-09,18,INTELEC,-896
FUELHH,2022-11-09T09:00:00Z,2022-11-09T08:30:00Z,2022-11-09,18,INTEW,0
FUELHH,2022-11-09T09:00:00Z,2022-11-09T08:30:00Z,2022-11-09,18,INTFR,-412
FUELHH,2022-11-09T09:00:00Z,2022-11-09T08:30:00Z,2022-11-09,18,INTIFA2,-530
FUELHH,2022-11-09T09:00:00Z,2022-11-09T08:30:00Z,2022-11-09,18,INTIRL,-48
FUELHH,2022-11-09T09:00:00Z,2022-11-09T08:30:00Z,2022-11-09,18,INTNED,746
FUELHH,2022-11-09T09:00:00Z,2022-11-09T08:30:00Z,2022-11-09,18,INTNEM,310
FUELHH,2022-11-09T09:00:00Z,2022-11-09T08:30:00Z,2022-11-09,18,INTNSL,1096
FUELHH,2022-11-09T09:00:00Z,2022-11-09T08:30:00Z,2022-11-09,18,NPSHYD,558
FUELHH,2022-11-09T09:00:00Z,2022-11-09T08:30:00Z,2022-11-09,18,NUCLEAR,4633
FUELHH,2022-11-09T09:00:00Z,2022-11-09T08:30:00Z,2022-11-09,18,OCGT,2
FUELHH,2022-11-09T09:00:00Z,2022-11-09T08:30:00Z,2022-11-09,18,OIL,0
FUELHH,2022-11-09T09:00:00Z,2022-11-09T08:30:00Z,2022-11-09,18,OTHER,134
FUELHH,2022-11-09T09:00:00Z,2022-11-09T08:30:00Z,2022-11-09,18,PS,430
FUELHH,2022-11-09T09:00:00Z,2022-11-09T08:30:00Z,2022-11-09,18,WIND,13776
FUELHH,2022-11-09T08:30:00Z,2022-11-09T08:00:00Z,2022-11-09,17,BIOMASS,1690
FUELHH,2022-11-09T08:30:00Z,2022-11-09T08:00:00Z,2022-11-09,17,CCGT,10176
FUELHH,2022-11-09T08:30:00Z,2022-11-09T08:00:00Z,2022-11-09,17,COAL,0
FUELHH,2022-11-09T08:30:00Z,2022-11-09T08:00:00Z,2022-11-09,17,INTELEC,-898
FUELHH,2022-11-09T08:30:00Z,2022-11-09T08:00:00Z,2022-11-09,17,INTEW,0
FUELHH,2022-11-09T08:30:00Z,2022-11-09T08:00:00Z,2022-11-09,17,INTFR,-420
FUELHH,2022-11-09T08:30:00Z,2022-11-09T08:00:00Z,2022-11-09,17,INTIFA2,-544
FUELHH,2022-11-09T08:30:00Z,2022-11-09T08:00:00Z,2022-11-09,17,INTIRL,-32
FUELHH,2022-11-09T08:30:00Z,2022-11-09T08:00:00Z,2022-11-09,17,INTNED,750
FUELHH,2022-11-09T08:30:00Z,2022-11-09T08:00:00Z,2022-11-09,17,INTNEM,306
FUELHH,2022-11-09T08:30:00Z,2022-11-09T08:00:00Z,2022-11-09,17,INTNSL,1096
FUELHH,2022-11-09T08:30:00Z,2022-11-09T08:00:00Z,2022-11-09,17,NPSHYD,546
FUELHH,2022-11-09T08:30:00Z,2022-11-09T08:00:00Z,2022-11-09,17,NUCLEAR,4633
FUELHH,2022-11-09T08:30:00Z,2022-11-09T08:00:00Z,2022-11-09,17,OCGT,2
FUELHH,2022-11-09T08:30:00Z,2022-11-09T08:00:00Z,2022-11-09,17,OIL,0
FUELHH,2022-11-09T08:30:00Z,2022-11-09T08:00:00Z,2022-11-09,17,OTHER,203
FUELHH,2022-11-09T08:30:00Z,2022-11-09T08:00:00Z,2022-11-09,17,PS,430
FUELHH,2022-11-09T08:30:00Z,2022-11-09T08:00:00Z,2022-11-09,17,WIND,13684
FUELHH,2022-11-09T08:00:00Z,2022-11-09T07:30:00Z,2022-11-09,16,BIOMASS,1662
FUELHH,2022-11-09T08:00:00Z,2022-11-09T07:30:00Z,2022-11-09,16,CCGT,10457
FUELHH,2022-11-09T08:00:00Z,2022-11-09T07:30:00Z,2022-11-09,16,COAL,0
FUELHH,2022-11-09T08:00:00Z,2022-11-09T07:30:00Z,2022-11-09,16,INTELEC,-920
FUELHH,2022-11-09T08:00:00Z,2022-11-09T07:30:00Z,2022-11-09,16,INTEW,0
FUELHH,2022-11-09T08:00:00Z,2022-11-09T07:30:00Z,2022-11-09,16,INTFR,-848
FUELHH,2022-11-09T08:00:00Z,2022-11-09T07:30:00Z,2022-11-09,16,INTIFA2,-656
FUELHH,2022-11-09T08:00:00Z,2022-11-09T07:30:00Z,2022-11-09,16,INTIRL,-116
FUELHH,2022-11-09T08:00:00Z,2022-11-09T07:30:00Z,2022-11-09,16,INTNED,782
FUELHH,2022-11-09T08:00:00Z,2022-11-09T07:30:00Z,2022-11-09,16,INTNEM,4
FUELHH,2022-11-09T08:00:00Z,2022-11-09T07:30:00Z,2022-11-09,16,INTNSL,1096
FUELHH,2022-11-09T08:00:00Z,2022-11-09T07:30:00Z,2022-11-09,16,NPSHYD,567
FUELHH,2022-11-09T08:00:00Z,2022-11-09T07:30:00Z,2022-11-09,16,NUCLEAR,4631
FUELHH,2022-11-09T08:00:00Z,2022-11-09T07:30:00Z,2022-11-09,16,OCGT,1
FUELHH,2022-11-09T08:00:00Z,2022-11-09T07:30:00Z,2022-11-09,16,OIL,0
FUELHH,2022-11-09T08:00:00Z,2022-11-09T07:30:00Z,2022-11-09,16,OTHER,242
FUELHH,2022-11-09T08:00:00Z,2022-11-09T07:30:00Z,2022-11-09,16,PS,396
FUELHH,2022-11-09T08:00:00Z,2022-11-09T07:30:00Z,2022-11-09,16,WIND,13529